"player_id","startyr","endyr"
"aardsda01",2004,2015
"aasedo01",1977,1990
"abadan01",2001,2006
"abadfe01",2010,2015
"abbotgl01",1973,1984
"abbotji01",1989,1999
"abbotku01",1993,2001
"abbotky01",1991,1996
"abbotpa01",1990,2004
"abnersh01",1987,1992
"abreubo01",1996,2014
"abreuto01",2007,2014
"accarje01",2005,2012
"aceveal01",2008,2014
"aceveju01",1995,2003
"ackerji01",1983,1992
"acostma01",2007,2012
"adamsgl01",1975,1982
"adamsmi02",1972,1978
"adamsmi03",2004,2014
"adamsru01",2004,2009
"adamste01",1995,2005
"adducji01",1983,1989
"adkinjo01",2003,2008
"afenitr01",1987,1992
"affelje01",2002,2015
"agostju01",1981,1993
"aguaylu01",1980,1989
"aguilri01",1985,2000
"aikenwi01",1977,1985
"akerfda01",1986,1991
"albaljo01",2007,2012
"alberma01",2006,2015
"aldremi01",1986,1996
"aldresc01",1990,2000
"aldrico01",2001,2010
"alexado01",1971,1989
"alexaga01",1975,1981
"alexama01",1973,1981
"alexama02",1992,2006
"alfonan01",1997,2007
"alfoned01",1995,2006
"alfonel01",2006,2011
"alicelu01",1988,2002
"allanan01",1986,1995
"allench01",1999,2005
"allenga01",1979,1985
"allenne01",1979,1989
"allenro02",1983,1988
"almanar01",1999,2005
"almanca01",1997,2005
"almonbi01",1974,1988
"almoner01",2001,2011
"alomaro01",1988,2004
"alomasa02",1988,2007
"alonsyo01",2010,2015
"aloumo01",1990,2008
"alvarjo01",1981,1989
"alvarpe01",2010,2015
"alvarwi01",1989,2005
"amarari01",1991,2000
"amaroru02",1991,1998
"amezaal01",2002,2011
"anderal02",1986,1991
"anderbr01",1988,2002
"anderbr02",1993,2005
"anderbr04",2009,2015
"anderbr05",2010,2015
"anderda02",1983,1992
"anderga01",1994,2010
"anderji01",1978,1984
"anderji02",1999,2004
"anderla02",1975,1994
"anderma01",1998,2005
"anderma02",1998,2009
"andermi01",1971,1979
"andersc01",1987,1995
"andinro01",2005,2013
"andresh01",1995,2002
"andruel01",2009,2015
"andujjo01",1976,1988
"ankieri01",1999,2013
"anthoer01",1989,1997
"appieke01",1989,2004
"aquingr01",2004,2009
"aquinlu01",1986,1995
"ardoida01",2000,2008
"arencjp01",2010,2015
"ariasal01",1992,2002
"ariasjo01",2006,2015
"armasto01",1976,1989
"armasto02",1999,2008
"armstja01",1988,1994
"armstmi01",1980,1987
"arnolch01",1971,1976
"arnsbbr01",1986,1992
"arrieja01",2010,2015
"arroybr01",2000,2014
"arroyfe01",1975,1986
"ashbyal01",1973,1989
"ashbyan01",1991,2004
"ashfotu01",1976,1984
"ashlebi01",1992,1998
"asselbr01",1976,1981
"assenpa01",1986,1999
"astacpe01",1992,2006
"atchisc01",2004,2015
"atherke01",1983,1989
"atkinga01",2003,2010
"auerbri01",1971,1981
"augusje01",1975,1984
"aurilri01",1995,2009
"ausmubr01",1993,2010
"austiri01",1970,1976
"avenbr01",1997,2002
"averyst01",1990,2003
"avilaal01",2009,2015
"avilemi01",2008,2015
"axforjo01",2009,2015
"ayalabe01",1974,1985
"ayalabo01",1992,1999
"ayalalu01",2003,2013
"aybarer01",2006,2015
"aybarma01",1997,2005
"aybarwi01",2005,2010
"backebr01",2002,2009
"backmwa01",1980,1993
"bacsimi01",1975,1980
"bacsimi02",2001,2007
"badenbu01",2008,2015
"baergca01",1990,2005
"baezda01",2001,2011
"bagweje01",1991,2005
"bailean01",2009,2015
"baileco01",1993,2002
"baileho02",2007,2015
"bailema01",1984,1992
"bailesc01",1986,1998
"bailobo01",1975,1985
"baineha01",1980,2001
"bairdo01",1976,1990
"bakerdo01",1984,1990
"bakerje03",2005,2015
"bakerjo01",2008,2014
"bakersc02",2005,2015
"bakerst01",1978,1983
"bakopa01",1998,2009
"balbost01",1981,1993
"baldero01",2003,2010
"baldwja01",1995,2005
"balejo01",1999,2009
"balesco01",2008,2015
"balfogr01",2001,2015
"ballaje01",1987,1994
"balleja01",1982,1992
"bandoch01",1981,1989
"bankhsc01",1986,1995
"banksbr01",1996,2003
"bankswi01",1991,2002
"bannial01",1974,1985
"bannifl01",1977,1992
"barajro01",1999,2012
"barbebr01",1991,1996
"bardjo01",2002,2011
"barera01",1972,1977
"barfije01",1981,1992
"barkeke01",1999,2009
"barkele01",1976,1987
"barlomi01",1975,1981
"barmecl01",2003,2015
"barneda01",2010,2015
"barnesk01",1983,1994
"barojsa01",1982,1988
"barrema02",1982,1991
"barremi01",1998,2009
"barrifr01",1974,1981
"barrji01",1971,1983
"barteki01",1996,2001
"bartlja01",2004,2014
"bartoda02",2007,2014
"basske01",1982,1995
"bassra01",1977,1982
"bastaan01",2009,2015
"batiski01",1991,1996
"batismi01",1992,2012
"batisto01",1996,2007
"bauerri01",2001,2008
"bautida01",1993,2004
"bautide01",2004,2010
"bautijo01",1988,1997
"bautijo02",2004,2015
"baxtemi01",2010,2015
"bayja01",2003,2013
"baylodo01",1970,1988
"beachbr01",2010,2015
"beallbo01",1975,1980
"beanbi01",1987,1995
"beanebi01",1984,1989
"beardda01",1980,1989
"beattji01",1978,1986
"beckejo02",2001,2014
"beckeri01",1993,2000
"beckhgo01",2009,2015
"beckro01",1991,2004
"beckwjo01",1979,1986
"bedarer01",2002,2014
"bedrost01",1981,1995
"beimejo01",2001,2015
"belchti01",1987,2000
"belinst01",1989,2000
"belisma01",2003,2015
"belisro01",2009,2015
"bellbu01",1972,1989
"bellda01",1995,2006
"bellde01",1991,2001
"belleal01",1989,2000
"beller01",1985,1993
"bellge02",1981,1993
"bellhe01",2004,2014
"bellhma01",1997,2007
"bellira01",1982,1998
"belliro01",1998,2010
"bellja01",1986,2003
"bellju01",1989,1995
"bellke01",1976,1982
"bellro01",2000,2007
"belltr01",2009,2014
"beltrad01",1998,2015
"beltrca01",1998,2015
"beltres01",1991,1996
"beltrfr01",2002,2008
"beltrri01",1997,2004
"benarma01",1995,2003
"benedbr01",1978,1989
"benesal01",1995,2003
"benesan01",1989,2002
"beniqju01",1971,1988
"benitar01",1994,2008
"benjami01",1989,2002
"bennega01",1995,2008
"benneje01",2004,2009
"benoijo01",2001,2015
"bensokr01",1999,2010
"bentobu01",1978,1985
"benzito01",1987,1995
"bereja01",1993,2003
"berenbr01",1980,1986
"berenju01",1978,1992
"bergda01",1998,2004
"bergepe01",1999,2004
"bergmda01",1975,1992
"bergmja01",2005,2010
"bergmse01",1993,2000
"berkmla01",1999,2013
"bernaro01",2008,2014
"bernato01",1979,1991
"bernead01",2000,2006
"bernido01",2008,2015
"berrada01",1977,1987
"berroan01",2001,2009
"berroge01",1989,2000
"berryda01",1987,1997
"berryse01",1990,2000
"bestka01",1983,1988
"betanra01",2003,2015
"betanyu01",2005,2013
"betemwi01",2001,2013
"bevacku01",1971,1985
"biancbu01",1982,1987
"bibbyji01",1972,1984
"bicheda01",1988,2001
"bielemi01",1984,1997
"bigbila01",2001,2006
"biggicr01",1988,2007
"biittla01",1970,1983
"bilarda01",1983,1992
"billich01",2006,2015
"birddo01",1973,1983
"birkbmi01",1986,1995
"birtsti01",1985,1990
"blackbu02",1981,1995
"blackni01",2007,2012
"blackti01",1974,1983
"blacktr01",2004,2013
"blairde01",1974,1980
"blairwi01",1990,2001
"blakeca01",1999,2011
"blaloha01",2002,2010
"blancan01",2004,2015
"blancgr01",2008,2015
"blanche01",1997,2013
"blankky01",2009,2015
"blankla01",1972,1980
"blankla02",1988,1993
"blantjo01",2004,2015
"blausje01",1987,1999
"blevije01",2007,2015
"bloomwi01",2002,2015
"blowemi01",1989,1999
"blumge01",1999,2012
"blylebe01",1970,1992
"bocachi01",2000,2007
"bochtbr01",1974,1986
"bochtdo01",1995,2000
"bochybr01",1978,1987
"boddimi01",1980,1993
"boehrbr01",1995,2004
"boescbr01",2010,2015
"boevejo01",1985,1996
"bogarti01",1993,2001
"boggsmi01",2008,2013
"boggsto01",1976,1985
"boggswa01",1982,1999
"bogusbr01",2010,2015
"bohanbr01",1990,2001
"boiscbr01",1974,1979
"bolicfr01",1993,1998
"boltoto01",1987,1994
"bondeje01",2003,2013
"bondsba01",1986,2007
"bonesri01",1991,2001
"bonhabi01",1971,1980
"bonifem01",2007,2015
"bonilbo01",1986,2001
"bonilju01",1981,1987
"bonneba01",1977,1986
"bookegr01",1983,1990
"booneaa01",1997,2009
"boonebo01",1972,1990
"boonebr01",1992,2005
"booneda02",1981,1990
"bootcch01",2003,2013
"borbope02",1992,2003
"borchjo01",2002,2007
"bordepa01",1988,2005
"bordimi01",1990,2003
"bordiri01",1980,1988
"borgmgl01",1972,1980
"borkoda01",1999,2008
"borlato02",1994,2004
"borowjo01",1995,2008
"bosetri01",1976,1982
"bosioch01",1986,1996
"boskish01",1990,1998
"bosleth01",1977,1990
"bostoda01",1984,1994
"bottari01",1994,2005
"botteke01",1992,2001
"bourgja01",2008,2015
"bourjpe01",2010,2015
"bournmi01",2006,2015
"bournra01",1992,1999
"bowala01",1970,1985
"bowdemi01",2008,2013
"bowenro01",2003,2008
"bowiemi01",1999,2008
"boydja02",1999,2004
"boydoi01",1982,1991
"boyerbl01",2005,2015
"bradfch01",1998,2009
"bradlmi01",2000,2011
"bradlph01",1983,1990
"bradlsc01",1984,1992
"braggda01",1994,2004
"bragggl01",1986,1992
"bransje01",1992,2001
"brantje01",1988,2001
"brantmi02",2009,2015
"branyru01",1998,2011
"braunry02",2007,2015
"braunst01",1971,1985
"braybi01",2006,2012
"brazoyh01",2004,2011
"breamsi01",1983,1994
"brenlbo01",1981,1989
"brennwi01",1988,1993
"breslcr01",2005,2015
"brettge01",1973,1993
"brewebi01",1993,1999
"brewija01",1995,2000
"briggda01",1975,1982
"brignre01",2008,2015
"brilegr01",1988,1993
"briscjo01",1991,1996
"brizzto01",1979,1984
"brobepe01",1971,1978
"brocado01",1992,2009
"brockch01",1997,2002
"brockgr01",1982,1991
"brognri01",1992,2001
"brohaja01",1972,1980
"brookhu01",1980,1994
"brookto01",1979,1990
"brosisc01",1991,2001
"brouhma01",1980,1985
"brousbe01",2002,2008
"broweji01",1999,2007
"brownad01",1997,2006
"brownbo04",1979,1985
"brownch02",1984,1989
"brownde02",1998,2007
"browndo01",2010,2015
"brownem01",1997,2009
"brownja01",1970,1977
"brownje01",1986,1995
"brownke01",1986,2005
"brownke04",1996,2002
"brownmi01",1982,1987
"brownmi02",1983,1988
"brownto05",1984,1995
"browsc01",1993,1998
"broxtjo01",2005,2015
"bruceja01",2008,2015
"brumfja01",1992,1999
"brumlmi02",1987,1995
"brunato01",1981,1994
"brunebr01",2004,2012
"brunter01",2003,2009
"bruskji01",1995,2000
"brusswa01",1977,1985
"bryest01",1970,1978
"buchhcl01",2007,2015
"buchhta01",2006,2011
"buckjo01",2004,2014
"bucknbi02",2007,2014
"bucktr01",2007,2012
"buechst01",1985,1995
"buehrma01",2000,2015
"buenofr01",2008,2014
"buforda01",1993,2001
"buhneja01",1987,2001
"bukviry01",2002,2008
"bulgeja01",2005,2011
"bullesc01",1991,1996
"bullibr01",2005,2010
"bullibu01",1977,1983
"bulliji01",1992,1998
"bulliki01",1998,2004
"bulloer01",1985,1992
"bumbral01",1972,1985
"bumgama01",2009,2015
"burbada01",1990,2004
"burkech01",2004,2009
"burkeja02",2001,2010
"burkejo03",1987,2003
"burketi01",1985,1992
"burksel01",1987,2004
"burleri01",1974,1987
"burneaj01",1999,2015
"burnese01",2004,2014
"burnije01",1993,2006
"burnsbr01",1978,1985
"burnsto02",1988,1993
"burrebr01",2006,2011
"burrepa01",2000,2011
"burriem01",2008,2015
"burrira01",1973,1987
"burroje01",1970,1985
"burrose01",2002,2012
"burtoja01",2007,2014
"busbyst01",1972,1980
"bushda01",2004,2013
"bushho01",1997,2004
"bushra01",1982,1993
"busketo01",1973,1980
"butchjo01",1980,1986
"buterdr01",2010,2015
"butersa01",1980,1988
"butlebi03",2007,2015
"butlebr01",1981,1997
"butlero01",1993,1999
"byrdati01",1998,2013
"byrdma01",2002,2015
"byrdpa01",1995,2009
"byrneer01",2000,2010
"bystrma01",1980,1985
"cabelen01",1972,1986
"cabreas01",2007,2015
"cabreda01",2004,2009
"cabreev01",2009,2015
"cabrefe01",2004,2010
"cabrejo01",1997,2002
"cabrejo02",1998,2008
"cabreme01",2005,2015
"cabremi01",2003,2015
"cabreor01",1997,2011
"cadargr01",1987,1998
"cahiltr01",2009,2015
"cainlo01",2010,2015
"cainma01",2005,2015
"cairomi01",1996,2012
"caldeiv01",1984,1993
"caldwmi01",1971,1984
"calerki01",2003,2009
"callaal01",2006,2015
"callami01",1999,2004
"camacer01",1980,1990
"camermi01",1995,2011
"caminke01",1987,2001
"campbbi02",1973,1987
"campbmi01",1987,1996
"campri01",1976,1985
"campsh01",2004,2014
"cancero01",1999,2011
"candaca01",1986,1997
"candejo01",1975,1993
"candito01",1983,1999
"cangejo01",1985,1999
"canizja01",1996,2002
"canoro01",2005,2015
"cansejo01",1985,2001
"cantujo01",2004,2011
"capildo01",1976,1981
"cappsma01",2005,2012
"caprabu01",1971,1977
"caprani01",1982,1991
"capuach01",2003,2015
"carlybu01",1999,2015
"carmado01",1983,1992
"carmofa01",2006,2015
"carpech01",1997,2012
"carpecr01",1988,1996
"carpmi01",2009,2014
"carraca01",2009,2015
"carradj01",2003,2012
"carragi01",1995,2006
"carrahe01",1994,2007
"carrch02",1990,1997
"carrema01",1987,1996
"carrido01",1970,1977
"carrobr01",2007,2012
"carroja01",2002,2013
"cartech02",2010,2015
"cartega01",1974,1992
"cartejo01",1983,1998
"cartela02",1999,2006
"carych01",1985,1993
"casanra01",1996,2008
"caseyse01",1997,2008
"cashke01",2002,2010
"cashnan01",2010,2015
"casiala01",1990,1998
"casilal01",2006,2014
"castial01",1995,2007
"castibo01",1977,1985
"castica01",1982,1991
"castifr01",1991,2005
"castijo01",1979,1984
"castilu01",1996,2010
"castito02",1988,1998
"castivi02",1991,2006
"castiwe01",2010,2015
"castrbi01",1974,1983
"castrja01",2010,2015
"castrju01",1995,2011
"castrra01",1999,2011
"castrst01",2010,2015
"catalfr01",1997,2010
"caudibi01",1979,1987
"cecilbr01",2009,2015
"cedenan01",1990,1996
"cedence01",1970,1986
"cedendo01",1993,1999
"cedenro01",1995,2005
"cedenro02",2005,2014
"ceronri01",1975,1992
"cerutjo01",1985,1991
"cervefr01",2008,2015
"ceyro01",1971,1987
"chacigu01",2004,2010
"chacijh01",2009,2015
"chacosh01",2001,2008
"chalkda01",1973,1981
"chambch01",1971,1988
"chambjo03",2007,2015
"chambwe01",1990,1995
"chapmar01",2010,2015
"chapmke01",1979,1985
"charlno01",1988,2001
"chaveen01",2001,2014
"chaveer01",1998,2014
"chaveje01",2008,2015
"chavera01",1996,2009
"chenbr01",1998,2015
"chileri01",1971,1978
"choatra01",2000,2015
"choosh01",2005,2015
"chouibo01",1996,2001
"chrisja01",1995,2005
"chrisla01",1973,1983
"chrismi02",1991,1996
"chrisry01",1998,2003
"chulkvi01",2003,2012
"churcry01",2004,2010
"cianfar01",1992,1998
"cintral01",2001,2009
"ciriape01",2010,2015
"cirilje01",1994,2007
"cishest01",2010,2015
"clancji01",1977,1991
"clarkbo04",1979,1985
"clarkbr01",1981,1990
"clarkbr02",2000,2008
"clarkda05",1986,1998
"clarkho02",2002,2008
"clarkja01",1975,1992
"clarkje01",1988,1995
"clarkma01",1991,2000
"clarkst02",1983,1990
"clarkte01",1988,1997
"clarkto02",1995,2009
"clarkwi02",1986,2000
"claytro01",1991,2007
"clearma01",1979,1990
"clemeje01",2007,2012
"clemema01",1998,2006
"clemepa01",1985,1992
"clemero02",1984,2007
"clinege01",1970,1979
"clippty01",2007,2015
"clontbr01",1995,2000
"clydeda01",1973,1979
"cochrda01",1986,1992
"codirch01",1982,1990
"coffeto01",2005,2012
"coghlch01",2009,2015
"cokeph01",2008,2015
"colbrgr01",1992,2004
"coleal01",1990,1996
"colemvi01",1985,1997
"colesda01",1983,1997
"collida02",1975,1990
"collilo01",1997,2004
"colomje01",2001,2010
"colonba01",1997,2015
"colonro01",2004,2012
"colucbo01",1973,1978
"colvity01",2009,2014
"comerst01",1978,1984
"comstke01",1984,1991
"conceda01",1970,1988
"conceon01",1980,1987
"condrcl01",2002,2009
"coneda01",1986,2003
"congeha01",2010,2015
"coninje01",1990,2007
"conrabr01",2008,2014
"conroti01",1978,1987
"contrjo01",2003,2013
"cookaa01",2002,2012
"cookde01",1988,2002
"cookest01",1992,1998
"cookmi01",1986,1993
"coolbsc01",1989,1994
"coomero01",1995,2003
"coopebr01",1999,2005
"coopece01",1971,1987
"coopesc01",1990,1997
"coppiro01",1996,2001
"coraal01",1998,2011
"corajo01",1987,1998
"corbedo01",1980,1987
"corbiar01",1991,1999
"corcoro01",2003,2009
"corcoti01",1977,1986
"cordech01",2003,2010
"cordefr01",1999,2012
"cordewi01",1992,2005
"cordoma01",1995,2003
"coreybr01",1998,2008
"cormila01",2004,2011
"cormirh01",1991,2007
"cornere01",1995,2000
"corpama01",2006,2013
"corpoca01",2009,2015
"correke01",2003,2015
"correvi01",1972,1980
"corsiji01",1988,1999
"corteda01",1999,2006
"cotahu01",2001,2007
"cottohe01",1984,1993
"cottsne01",2003,2015
"counscr01",1995,2011
"cowenal01",1974,1986
"cowlejo01",1982,1987
"coxda01",1983,1995
"coxla01",1973,1982
"crabtti01",1995,2001
"craigal01",2010,2015
"craigro02",1979,1986
"crainje01",2004,2013
"crawfca02",2002,2015
"crawfji01",1973,1978
"crawfst01",1980,1991
"credejo01",2000,2009
"creekdo01",1995,2005
"creelke01",1982,1987
"crespfe01",1996,2001
"crewsti01",1987,1992
"crimch01",1987,1994
"crispco01",2002,2015
"cromawa01",1974,1991
"crometr01",1993,2003
"crosbbo01",2003,2010
"crosbed01",1970,1976
"croweji01",1997,2005
"cruzde01",1997,2005
"cruzhe01",1973,1982
"cruziv01",1997,2002
"cruzja01",1996,2005
"cruzjo01",1970,1988
"cruzjo02",1997,2008
"cruzju01",1977,1986
"cruzju02",2001,2012
"cruzlu01",2008,2013
"cruzne01",1997,2003
"cruzne02",2005,2015
"cruzto02",1978,1984
"cruzvi01",1978,1983
"cubbami01",1974,1981
"cuddymi01",2001,2015
"cuetojo01",2008,2015
"cummimi01",1993,2005
"cunnawi01",1997,2004
"curtich01",1992,2001
"curtijo01",1970,1984
"custja01",2001,2011
"cuylemi01",1990,1998
"daalom01",1993,2003
"dacqujo01",1973,1982
"dadepa01",1975,1980
"daiglca01",2004,2010
"dalesma01",1994,2001
"daleyma01",2009,2014
"damicje01",1996,2004
"damonjo01",1995,2012
"danieka01",1986,1992
"danksjo01",2007,2015
"darenvi01",1998,2005
"darliro01",1983,1995
"darwida01",1978,1998
"dascedo01",1988,1996
"daubabr01",1998,2005
"dauerri01",1976,1985
"daughja01",1987,1993
"daultda01",1983,1997
"davanje02",1999,2007
"davidma01",1986,1991
"davieky01",2005,2015
"davisal01",1984,1992
"davisbe01",1998,2004
"davisbo02",1973,1981
"davisbu02",1983,1994
"davisch01",1981,1999
"davisch02",2008,2015
"davisdi02",1977,1982
"davisdo02",1999,2011
"daviser01",1984,2001
"davisgl01",1984,1993
"davisik02",2010,2015
"davisja02",2002,2008
"davisjo02",1981,1990
"daviska01",2000,2007
"davisma01",1980,1997
"davismi02",1980,1989
"davisra01",2006,2015
"davisro02",1978,1988
"davisru01",1994,2001
"davisst02",1982,1994
"daviswa01",2009,2015
"dawlebi01",1983,1989
"dawsoan01",1976,1996
"dayleke01",1982,1993
"deazaal01",2007,2015
"decindo01",1973,1987
"deckest01",1990,1999
"dedmoje01",1983,1988
"dedunsa01",2010,2015
"deerro01",1984,1996
"deharri01",1997,2003
"dejeami01",1997,2006
"dejesda01",2003,2015
"dejesiv01",1974,1988
"dejesjo01",1988,1994
"delarjo01",2004,2015
"delarto01",2000,2006
"delcama01",2005,2010
"deleojo01",1983,1995
"deleolu01",1981,1989
"delgaca01",1993,2009
"delgawi01",1996,2004
"delluda01",1997,2009
"delosva01",1998,2008
"delucri01",1990,1999
"dempsry01",1998,2013
"dennyjo01",1974,1986
"denorch01",2005,2015
"dentbu01",1973,1984
"dernibo01",1980,1989
"derosma01",1998,2013
"desajo01",1980,1985
"descada01",2010,2015
"deshaji01",1984,1995
"deshide01",1990,2002
"desmoia01",2009,2015
"desseel01",1996,2010
"destror01",1987,1994
"detwiro01",2007,2015
"devermi01",1987,1998
"devinad01",1973,1980
"devinjo01",2005,2011
"deweyma01",1990,1996
"dewitbl01",2008,2013
"diazal01",1992,1999
"diazbo01",1977,1989
"diazei01",1996,2006
"diazma01",1987,1995
"diazma02",2003,2013
"diazmi01",1983,1988
"dibblro01",1988,1995
"dickech01",2008,2014
"dickera01",2001,2015
"difelmi01",1996,2008
"dillast01",1975,1982
"dilonmi01",1974,1985
"dinarle01",2004,2009
"dingmcr01",2000,2005
"dipinfr01",1981,1993
"dipotje01",1993,2000
"disarga01",1989,2000
"distebe01",1984,1992
"dixonto01",1977,1983
"dobbsgr01",2004,2014
"donaljo02",2010,2015
"donnebr01",2002,2010
"donnech01",1991,2002
"dopsojo01",1985,1994
"doranbi02",1982,1993
"dorsebr01",1987,1996
"dorseji01",1980,1985
"doteloc01",1999,2013
"dotsori01",1979,1990
"doubrfe01",2010,2015
"doumiry01",2005,2014
"downibr01",1973,1992
"downske01",1986,1993
"downssc01",2000,2014
"doylede01",1970,1977
"drabedo01",1986,1998
"drabeky01",2010,2015
"dranske01",1999,2004
"draveda01",1982,1989
"dreifda01",1994,2004
"dresery01",2001,2006
"dressro01",1975,1980
"drewjd01",1998,2011
"drewst01",2006,2015
"driesda01",1973,1987
"drisktr01",2002,2007
"duceyro01",1987,2001
"duchsju01",2001,2010
"duckwbr01",2001,2008
"dudalu01",2010,2015
"duensbr01",2009,2015
"duffyfr01",1970,1979
"dukeza01",2005,2015
"duncama01",1985,1997
"duncash01",2007,2013
"dunnad01",2001,2014
"dunnemi01",1987,1992
"dunnist01",1970,1977
"dunnmi01",2009,2015
"dunstsh01",1985,2002
"dunwoto01",1997,2002
"durazer01",1999,2005
"durbich01",1999,2013
"durhale01",1980,1989
"durhara01",1995,2008
"durritr01",1999,2005
"dwyerji01",1973,1990
"dybzije01",1980,1985
"dyeje01",1996,2009
"dyermi01",1989,1996
"dykstle01",1985,1996
"dysonja01",2010,2015
"easleda01",1992,2008
"easlemi01",1973,1987
"easteja01",1974,1987
"eastwra01",1974,1981
"eatonad01",2000,2009
"echevan01",1996,2002
"eckerde01",1975,1998
"eckstda01",2001,2010
"edensto01",1987,1995
"edmonji01",1993,2010
"eicheju01",1978,1988
"eichhma01",1982,1996
"eilanda01",1988,2000
"eischjo01",1994,2006
"eisenji01",1982,1998
"elartsc01",1998,2008
"elbersc01",2008,2014
"eldrebr01",2005,2012
"eldreca01",1991,2005
"elliora01",1972,1980
"ellisaj01",2008,2015
"ellisja01",2003,2008
"ellisma01",2002,2014
"ellisro02",1996,2003
"ellsbja01",2007,2015
"elsteke01",1986,2000
"embreal01",1992,2009
"encared01",2005,2015
"encarju01",1997,2007
"engleda01",1981,1989
"ennisjo01",2002,2007
"ensbemo01",2000,2008
"erickro01",1978,1983
"ericksc01",1990,2006
"erstada01",1996,2009
"esaskni01",1983,1990
"escobal01",2001,2006
"escobal02",2008,2015
"escobke01",1997,2009
"escobyu01",2007,2015
"espinal01",1984,1997
"espinda01",2010,2015
"espinni01",1974,1981
"espyce01",1983,1993
"essiaji01",1973,1984
"estalbo02",1996,2004
"estessh01",1995,2008
"estrajo01",2001,2008
"estrama01",2008,2015
"etherse01",2000,2006
"ethiean01",2006,2015
"eusebto01",1991,2001
"evansdw01",1972,1991
"evansni01",2008,2014
"evelada01",2005,2015
"everead01",2001,2011
"evereca01",1993,2006
"ewingsa01",1973,1978
"eyresc01",1997,2009
"eyrewi01",2006,2011
"fabrejo01",1994,2002
"faheybi01",1971,1983
"falcope01",1975,1984
"falkebr01",1999,2008
"farmeed01",1971,1983
"farnsky01",1999,2014
"farrejo03",1987,1996
"farrst01",1984,1994
"fasansa01",1996,2008
"fasseje01",1991,2006
"febleca01",1998,2003
"feierry01",2006,2014
"feldemi01",1985,1994
"feldmsc01",2005,2015
"felicpe01",2002,2013
"felixju01",1989,1994
"felizne01",2009,2015
"felizpe01",2000,2010
"fergujo01",1970,1983
"fermife01",1987,1996
"fernaal01",1990,2000
"fernaja01",2001,2006
"fernaos01",1996,2001
"fernasi01",1983,1997
"fernato01",1983,2001
"ferrese01",1974,1979
"fettemi01",1989,2004
"fickro01",1998,2007
"fieldce01",1985,1998
"fieldna01",2002,2007
"fieldpr01",2005,2015
"fienca01",2009,2015
"figaral01",2009,2014
"figgich01",2002,2014
"figueed01",1974,1981
"figuelu01",2001,2007
"figuene01",2000,2011
"filerto01",1982,1992
"filsope01",1982,1990
"finlech01",1986,2002
"finlest01",1989,2007
"fireost01",1981,1992
"firovda01",1981,1988
"fischmi01",1977,1987
"fishebr01",1985,1992
"fistedo01",2009,2015
"fitzgmi02",1983,1992
"flahejo01",1992,2005
"flanami01",1975,1992
"flannti01",1979,1989
"fletcda01",1989,2002
"fletcsc01",1981,1995
"floreje02",2007,2012
"florera01",2002,2010
"floribr01",1994,2001
"flowety01",2009,2015
"floydcl01",1993,2009
"floydga01",2004,2015
"flynndo01",1975,1985
"foggjo01",2001,2009
"foleyma01",1978,1984
"foleyto02",1983,1995
"foliti01",1970,1985
"folkeri01",1970,1977
"fontemi01",2005,2012
"footeba01",1973,1982
"fordbe01",1998,2004
"fordcu01",1985,1990
"fordda01",1975,1985
"fordle01",2003,2012
"fordybr01",1995,2004
"forscbo01",1974,1989
"forscke01",1970,1986
"forstte01",1971,1986
"fossato01",1988,1999
"fossuca01",2001,2009
"fosteke01",1993,2001
"fostele01",1971,1977
"foucast01",1973,1978
"foulkke01",1997,2008
"fowlede01",2008,2015
"foxan01",1996,2004
"foxch02",1997,2009
"francbe01",2007,2013
"francfr01",2004,2014
"francje01",2004,2015
"francje02",2005,2015
"francjo01",1984,2005
"francju01",1982,2007
"francju02",2009,2014
"francma01",1995,2003
"francte01",1981,1990
"frandke01",2006,2015
"frankry01",1999,2011
"frankwa01",2000,2006
"frascjo01",1994,2001
"frasewi01",1986,1995
"frasoja01",2004,2015
"frazige01",1978,1987
"frazilo01",1993,1998
"freedro01",1970,1979
"freelry01",2001,2009
"freemfr01",2010,2015
"freemma02",1986,1996
"freesda01",2009,2015
"freisda01",1974,1979
"freyst01",1989,1996
"friaspe01",1973,1981
"frierer01",2009,2015
"frobedo01",1982,1987
"frohwto01",1987,1996
"frostda01",1977,1982
"fryeje01",1992,2001
"frymatr01",1990,2002
"fuentbr01",2001,2012
"fulchje01",2006,2011
"fuldsa01",2007,2015
"fullmbr01",1997,2004
"fultzaa01",2000,2007
"furcara01",2000,2014
"fyhrimi01",1996,2002
"gaettga01",1981,2000
"gagneer01",1999,2008
"gagnegr01",1983,1997
"galaran01",1985,2004
"galarar01",2007,2012
"galeri01",1978,1984
"gallada01",1987,1995
"gallayo01",2007,2015
"gallemi01",1985,1997
"gantnji01",1976,1992
"gantro01",1987,2003
"garceri01",1990,2002
"garcica01",1990,1999
"garcida01",1978,1989
"garcifr02",1999,2013
"garcija01",2004,2015
"garcija02",2008,2015
"garcije01",1999,2005
"garcika01",1995,2004
"garciki01",1976,1985
"garcino01",1996,2009
"garcira03",1991,1997
"gardimi01",1990,1995
"gardnbr01",2008,2015
"gardnle01",2002,2008
"gardnma01",1989,2001
"gardnwe01",1984,1991
"garkory01",2005,2010
"garlajo01",2000,2013
"garlawa01",1973,1981
"garneph01",1973,1988
"garresc01",1982,1991
"garvije01",1977,1982
"garzama01",2006,2015
"gatesbr01",1993,1999
"gathrjo01",2004,2011
"gaudich01",2003,2013
"gearyge01",2003,2009
"gedmari01",1980,1992
"geedi01",2010,2015
"geiseda01",1978,1985
"gentrcr01",2009,2015
"gerenbo01",1988,1993
"germaes01",2002,2011
"germafr01",2002,2008
"germaju01",2004,2014
"gerutjo01",2003,2010
"getzch01",2008,2014
"giambja01",1995,2014
"giambje01",1998,2003
"gibboja01",2001,2011
"gibsoki01",1979,1995
"gibsopa01",1988,1996
"gilbe01",1993,2003
"gilbrro01",1972,1978
"gilesbr01",1981,1990
"gilesbr02",1995,2009
"gilesma01",2001,2007
"gilge01",2001,2007
"gilkebe01",1990,2001
"gillaco01",2008,2015
"gilleco01",2010,2015
"gimench01",2009,2015
"gimenhe01",2006,2013
"ginteke01",2000,2005
"gintema01",2000,2008
"gipsoch01",1998,2005
"girarjo01",1989,2003
"gladdda01",1983,1993
"glanvdo01",1996,2004
"glaustr01",1998,2010
"glavito02",1987,2008
"gleatje01",1979,1992
"gloadro01",2000,2011
"glovega01",1999,2008
"glynned01",1975,1985
"glynnry01",1999,2005
"gobblji01",2003,2009
"goffje01",1990,1996
"gogolbi01",1970,1975
"goltzda01",1972,1983
"gomesjo01",2003,2015
"gomeswa01",1997,2002
"gomezca01",2007,2015
"gomezch02",1993,2008
"gomezje01",2010,2015
"gomezle02",1990,1996
"gomezlu01",1974,1981
"gonzaad01",2004,2015
"gonzaal01",1994,2006
"gonzaal02",1998,2014
"gonzaal03",2007,2013
"gonzaca01",2008,2015
"gonzade01",1984,1989
"gonzaed01",2003,2013
"gonzaen01",2006,2011
"gonzafe01",1972,1979
"gonzagi01",2008,2015
"gonzaje01",1997,2006
"gonzajo02",1985,1992
"gonzaju02",1977,1983
"gonzaju03",1989,2005
"gonzalu01",1990,2008
"gonzami02",2003,2013
"gonzare01",1984,1997
"gonzawi01",1999,2006
"goodedw01",1984,2000
"goodsed01",1970,1977
"goodwda01",1975,1982
"goodwto01",1991,2004
"gordoal01",2007,2015
"gordoto01",1988,2009
"gormato03",1981,1987
"gorzeto01",2005,2015
"goslimi01",2004,2009
"gossari01",1972,1994
"gottji01",1982,1995
"gozzoma01",1989,1994
"grabojo02",2003,2011
"gracema01",1988,2003
"graffto01",1996,2009
"grahejo01",1990,1999
"grandcu01",2004,2015
"grantma01",1984,1993
"graveda01",1996,2006
"grayga01",1977,1982
"grebecr01",1990,2001
"greenad01",2005,2012
"greenan01",2004,2009
"greenda03",1981,1987
"greenga01",1986,1992
"greenkh01",2003,2009
"greenmi01",1985,1996
"greenni01",2004,2013
"greense01",2006,2011
"greensh01",1993,2007
"greento01",1989,1997
"greento02",1996,2006
"greenty01",1993,1998
"greenwi01",1992,2000
"greerru01",1994,2002
"gregelu01",2009,2015
"greggke01",2003,2015
"greggto01",1987,1997
"greifbi01",1971,1976
"greinza01",2004,2015
"greisse01",1998,2005
"grichbo01",1970,1986
"grievbe01",1997,2005
"grievto01",1970,1979
"griffal01",1976,1993
"griffdo01",1970,1977
"griffke01",1973,1991
"griffke02",1989,2010
"griffmi02",1979,1989
"grillja01",2000,2015
"grimsja01",1989,2006
"grimsro02",1971,1982
"grissma02",1989,2005
"groombu01",1992,2005
"grossga01",2004,2010
"grossgr01",1973,1989
"grosske01",1983,1997
"grosski01",1990,2000
"grosswa01",1976,1986
"grubbjo01",1972,1987
"grubeke01",1984,1993
"grudzma01",1995,2010
"guantce01",1982,1990
"guarded01",1993,2009
"gubicma01",1984,1997
"guerrma01",1973,1980
"guerrma02",2004,2014
"guerrpe01",1978,1992
"guerrvl01",1996,2011
"guerrwi01",1996,2004
"guettle01",1984,1996
"guidrro01",1975,1988
"guillca01",1998,2011
"guilljo01",1997,2010
"guilloz01",1985,2000
"guldebr01",1978,1986
"gulledo01",1970,1978
"gullibi01",1979,1994
"gumpeda01",1982,1987
"gundeer01",1990,2000
"gurala01",1970,1985
"guthrje01",2004,2015
"guthrma01",1989,2003
"gutiefr01",2005,2015
"gutieja01",1983,1988
"gutieju01",2007,2014
"gutieri01",1993,2004
"guzmacr01",1999,2010
"guzmafr01",2004,2013
"guzmaje01",2009,2014
"guzmajo01",1985,1994
"guzmaju01",1991,2000
"gwynnch01",1987,1996
"gwynnto01",1982,2001
"gwynnto02",2006,2014
"haadya01",1999,2005
"haasmo01",1976,1987
"habyajo01",1985,1996
"hafnetr01",2002,2013
"hairsje01",1973,1989
"hairsje02",1998,2013
"hairssc01",2004,2014
"halamjo01",1998,2006
"halech01",1989,1997
"halejo01",1974,1979
"haliced01",1974,1980
"hallal02",1981,1989
"hallaro01",1998,2013
"hallbi03",2002,2012
"hallme01",1981,1996
"hallto02",2000,2008
"haltesh01",1997,2004
"hamelbo01",1993,1998
"hamelco01",2006,2015
"hamilda01",1972,1980
"hamilda02",1988,2001
"hamilje01",1986,1991
"hamiljo02",1994,2003
"hamiljo03",2007,2015
"hammaat01",1981,1995
"hammeja01",2006,2015
"hammoch01",1990,2006
"hammoje01",1993,2005
"hammoro01",2003,2011
"hampsju01",2006,2012
"hamptik01",1974,1979
"hamptmi01",1993,2010
"hancoga01",1978,1984
"hancojo01",2002,2007
"haneych01",1991,2002
"haneyto01",1992,1998
"hanigry01",2007,2015
"hannaja01",2006,2014
"hannapr01",1975,1982
"hanrajo01",2007,2013
"hanseda01",1990,2005
"hansoer01",1988,1998
"happja01",2007,2015
"haranaa01",2002,2015
"harderi01",2003,2011
"hardyjj01",2005,2015
"harenda01",2003,2015
"hargeal01",1980,1986
"hargrmi01",1974,1985
"harikti01",1995,2007
"harkemi01",1988,1997
"harlola01",1975,1981
"harnipe01",1988,2001
"harpebr01",1979,1995
"harpete01",1980,1987
"harpetr01",2000,2006
"harribr01",2004,2013
"harrige01",1989,1995
"harrigr01",1981,1995
"harrigr02",1988,1995
"harrile01",1988,2005
"harrima01",2008,2015
"harrire01",1990,1999
"harriro01",1972,1978
"harrivi01",1972,1980
"harriwi01",2001,2012
"hartco01",2004,2015
"hartlmi01",1989,1995
"hartzpa01",1976,1984
"harvebr01",1987,1995
"harvich01",1999,2006
"hasegsh01",1997,2005
"haselbi01",1990,2003
"hassero01",1978,1991
"hasslan01",1971,1985
"hatchbi01",1984,1995
"hatchch02",2010,2015
"hatchmi01",1979,1990
"hattesc01",1995,2008
"hausmto01",1975,1982
"havenbr01",1981,1989
"hawkian01",1982,1991
"hawkila01",1995,2015
"hawpebr01",2004,2013
"hayesbr01",2009,2015
"hayesch01",1988,2001
"hayesvo01",1981,1992
"hayneji01",1995,2004
"headlch01",2007,2015
"heathje02",1983,1988
"heathmi02",1978,1991
"heatone01",1982,1993
"heaveda01",1975,1981
"heepda01",1979,1991
"heilmaa01",2003,2011
"heintto01",1973,1978
"heisech01",2010,2015
"hellije01",2010,2015
"helliri01",1994,2006
"helmswe01",1998,2011
"heltoto01",1997,2013
"hemonsc01",1989,1995
"hendeda01",1981,1994
"henderi01",1979,2003
"hendest01",1977,1988
"hendrge01",1971,1988
"hendrma01",2002,2011
"henketo01",1982,1995
"hennemi01",1987,1996
"hennse01",2005,2013
"henrios01",1997,2002
"henrybu01",1992,1999
"henrydo01",1991,2001
"henrydw01",1984,1995
"henslcl01",2005,2012
"hentgpa01",1991,2004
"heredfe01",1996,2005
"heredgi01",1991,2001
"hergema01",1999,2009
"hermach01",1999,2004
"hermadu01",1995,2006
"hermije01",2005,2012
"hernaan01",2005,2010
"hernaca01",1990,2000
"hernada01",2009,2015
"hernaen01",1971,1978
"hernafe02",2005,2015
"hernajo01",1991,2006
"hernake01",1974,1990
"hernali01",1996,2012
"hernalu01",2007,2012
"hernami01",2003,2009
"hernaor01",1998,2007
"hernara02",1999,2013
"hernaro01",1991,2007
"hernaru03",2002,2008
"hernawi01",1977,1989
"hernaxa01",1989,1998
"herndla01",1974,1988
"herrejo03",2008,2015
"herreyo01",2008,2014
"herrto01",1979,1991
"hershor01",1983,2000
"heskejo01",1984,1994
"hessmmi01",2003,2010
"heywaja01",2010,2015
"hiattph01",1993,2001
"hibbagr01",1989,1994
"hickeke01",1981,1991
"hidalri01",1997,2005
"higgibo02",1995,2005
"higuete01",1985,1994
"hillaa01",2005,2015
"hilldo01",1983,1992
"hillesh01",1987,1993
"hillesh02",2001,2007
"hillgl01",1989,2001
"hillke01",1988,2001
"hillko01",2003,2014
"hillma01",1973,1986
"hillri01",2005,2015
"hillsh01",2004,2012
"hinchaj01",1998,2004
"hinsker01",2002,2013
"hintori01",1971,1979
"hitchst01",1992,2004
"hobsobu01",1975,1982
"hochelu01",2007,2015
"hockide01",1993,2005
"hodgero01",1973,1984
"hoeyja02",2006,2011
"hoffmgl01",1980,1989
"hoffmgu01",1979,1988
"hoffmtr01",1993,2010
"hoilech01",1989,1998
"holbeaa01",1996,2005
"holbera01",1994,2000
"holdsfr01",1972,1980
"hollaal01",1977,1987
"hollade01",2009,2015
"hollagr01",2010,2015
"hollato01",1995,2006
"hollida01",1990,2002
"hollida02",1998,2006
"hollima01",2004,2015
"holmeda01",1990,2003
"holtch01",1996,2001
"holtobr01",1985,1990
"holtzmi01",1996,2006
"holzema01",1993,2000
"honeyri01",1977,1997
"hooddo01",1973,1983
"hootobu01",1971,1985
"hoovepa01",2001,2010
"hornebo01",1978,1988
"hornsa01",1987,1995
"hortori01",1984,1990
"hosleti01",1970,1981
"hosteda01",1981,1988
"houghch01",1970,1994
"housejr01",2003,2008
"housepa02",1980,1987
"houseto01",1971,1978
"houstty01",1996,2003
"howarda02",1991,1999
"howarry01",2004,2015
"howarth01",1990,2000
"howarwi01",1973,1978
"howear01",1974,1985
"howelja01",1980,1994
"howelja02",1985,1999
"howeljp01",2005,2015
"howelke01",1984,1990
"howelro02",1974,1984
"howest01",1980,1996
"howitda01",1989,1994
"howrybo01",1998,2010
"hoytla01",1979,1986
"hraboal01",1970,1982
"hrbekke01",1981,1994
"hubbagl01",1978,1989
"hubbami01",1995,2001
"hubbatr01",1994,2003
"huckake01",2001,2006
"hudekjo01",1994,1999
"hudlere01",1984,1998
"hudsoch02",1983,1989
"hudsoda01",2009,2015
"hudsolu01",2002,2007
"hudsoor01",2002,2012
"hudsoti01",1999,2015
"huffau01",2000,2012
"huffda01",2009,2015
"huffmi01",1989,1996
"huffmph01",1979,1985
"hugheke01",1987,1993
"hugheph01",2007,2015
"huismma01",1983,1991
"huletti01",1983,1995
"humbeph01",2006,2013
"humeto01",1977,1987
"humphte01",1971,1979
"hundlni01",2008,2015
"hundlto01",1990,2003
"huntebr01",1991,2000
"huntebr02",1994,2003
"hunteto01",1997,2015
"hunteto02",2008,2015
"hurdlcl01",1977,1987
"hurstbr01",1980,1994
"huskebu01",1993,2000
"husonje01",1988,2000
"huttoji01",1970,1975
"huttoma01",1993,1998
"hyersti01",1994,1999
"hyzduad01",2000,2006
"iannech01",2006,2015
"ibanera01",1996,2014
"incavpe01",1986,1998
"infanom01",2002,2015
"ingebr01",2001,2013
"inglejo01",2006,2011
"innisje01",1987,1993
"iorgda01",1977,1986
"iorgga01",1978,1987
"irabuhi01",1997,2002
"ishiktr01",2006,2015
"isrinja01",1995,2012
"iviemi01",1971,1983
"izturce01",2001,2013
"izturma01",2004,2014
"jacksau01",2010,2015
"jacksbo01",1986,1994
"jacksch03",1987,1994
"jacksco01",2005,2011
"jacksda02",1983,1997
"jacksda03",1985,1999
"jacksda04",1996,2006
"jacksed01",2003,2015
"jacksmi02",1986,2004
"jacksro02",1975,1984
"jacksro03",1977,1986
"jacobbr01",1981,1992
"jacobmi02",2005,2012
"jahajo01",1992,2001
"jamesbo01",1978,1987
"jamesch02",1986,1995
"jamesch03",2005,2011
"jamesdi01",1983,1996
"jamesmi01",1995,2002
"janispa01",2008,2015
"janseke01",2010,2015
"janssca01",2006,2015
"jarvike01",1994,2006
"jasojo01",2008,2015
"javiest01",1984,2001
"jayjo02",2010,2015
"jeffcmi01",1983,1994
"jeffegr01",1987,2000
"jeffeje01",1973,1981
"jeffere01",1991,1999
"jeffest01",1986,1991
"jeffrje01",2010,2015
"jeltzst01",1983,1990
"jenkige01",1998,2008
"jenksbo01",2005,2011
"jennide01",2010,2015
"jennido01",1988,1993
"jennija01",2001,2009
"jenniro01",1996,2001
"jensema01",1996,2002
"jepseke01",2008,2015
"jeterde01",1995,2014
"jimence01",2006,2015
"jimenda01",1999,2007
"jimenho01",1983,1988
"jimenjo01",1998,2004
"jimenub01",2006,2015
"johnsbr01",1994,2001
"johnsch04",1994,2005
"johnsch05",2009,2015
"johnscl01",1972,1986
"johnsda04",1987,1993
"johnsda06",2005,2015
"johnsel02",2008,2014
"johnsho01",1982,1995
"johnsja02",1997,2008
"johnsji04",2006,2015
"johnsjo04",1978,1987
"johnsjo07",1993,2000
"johnsjo08",1998,2003
"johnsjo09",2005,2013
"johnske05",2005,2015
"johnsla01",1972,1978
"johnsla02",1974,1982
"johnsla03",1987,2000
"johnsma01",1995,2002
"johnsma02",1998,2008
"johnsni01",2001,2012
"johnsra05",1988,2009
"johnsre02",2003,2015
"johnsro07",2007,2013
"johnsru01",1997,2005
"johnsti01",1973,1979
"johnswa03",1981,1990
"jonesad01",2006,2015
"jonesan01",1996,2012
"jonesba01",1986,1993
"jonesbo02",1974,1986
"jonesbo03",1993,2002
"jonesbo04",1997,2004
"jonesch05",1991,2000
"jonesch06",1993,2012
"jonesdo01",1982,2000
"jonesga02",2007,2015
"jonesja04",1999,2008
"jonesji02",1986,1993
"jonesly01",1979,1986
"jonesmi02",1980,1985
"jonesod01",1975,1988
"jonesra01",1973,1982
"jonesru01",1976,1987
"jonesst02",1991,1996
"joneste02",1996,2001
"jonesti02",1988,1993
"jonesto02",1993,2008
"jonestr01",1986,1991
"jordabr01",1992,2006
"jordake01",1995,2001
"jordari02",1988,1996
"josefe01",1988,2003
"joycema01",2008,2015
"joynewa01",1986,2001
"judenje01",1991,1999
"juliojo01",2001,2009
"juraked01",1982,1989
"jurrjja01",2007,2014
"justida01",1989,2002
"jutzesk01",1972,1977
"kaiseje01",1985,1993
"kamiesc01",1991,2000
"kaplega01",1998,2010
"karchma01",1995,2000
"karkoro01",1986,1997
"karlsc01",1995,2000
"karroer01",1991,2004
"karsast01",1993,2006
"karstje01",2006,2012
"katama01",2003,2009
"kazmisc01",2004,2015
"kearnau01",2002,2013
"kearnbo01",1979,1987
"keislra01",2000,2007
"kellemi02",1972,1982
"kellesh01",2009,2015
"kellydo01",2007,2015
"kellyke01",2000,2005
"kellymi02",1994,1999
"kellypa03",1991,1999
"kellyro01",1987,2000
"kempma01",2006,2015
"kempst01",1977,1988
"kendaja01",1996,2010
"kendrho01",2006,2015
"kendrky01",2007,2015
"kennead01",1999,2012
"kenneia01",2007,2015
"kennejo04",2001,2007
"kenneju01",1974,1983
"kennete02",1978,1991
"kensilo01",2004,2015
"kentje01",1992,2008
"keougma02",1977,1986
"keppije01",2004,2013
"kerfech01",1985,1990
"kernji01",1974,1986
"kershcl01",2008,2015
"keyji01",1984,1998
"kidama01",1999,2005
"kiefest01",1984,1989
"kieltbo01",2001,2007
"kiescbr01",1996,2004
"kileda01",1991,2002
"kilgupa01",1987,1993
"kimbrcr01",2010,2015
"kimby01",1999,2007
"kimsu01",2001,2006
"kingemi01",1986,1996
"kinger01",1986,1992
"kingje01",1989,1999
"kingmda01",1971,1986
"kingra01",1999,2008
"kingsge01",1996,2003
"kinkami01",1998,2003
"kinnejo01",2006,2012
"kinnema01",2000,2005
"kinnumi01",1980,1987
"kinslia01",2006,2015
"kintzbr01",2010,2015
"kippebo01",1985,1992
"kirbywa01",1991,1998
"kisonbr01",1971,1985
"kittlro01",1982,1991
"klassda01",1998,2003
"kleskry01",1992,2007
"klinest01",1970,1977
"klinest02",1997,2007
"klinkjo01",1987,1996
"kluttmi01",1976,1983
"knackbr01",1990,1996
"knappch01",1975,1980
"kneppbo01",1976,1990
"kniceal01",1979,1986
"knighbr01",2001,2008
"knighra01",1974,1988
"knoblch01",1991,2002
"knorrra01",1991,2001
"knudsma01",1985,1993
"kobelke01",1973,1980
"kochbi01",1999,2004
"kohnmi01",2010,2015
"kolbda01",1999,2007
"kommibr01",1983,1991
"konerpa01",1997,2014
"koplomi01",2001,2007
"korecbo01",2008,2014
"koskico01",1998,2006
"kotchca01",2004,2013
"kotsama01",1997,2013
"kottage01",2008,2014
"kouzmke01",2006,2014
"kratzer01",2010,2015
"kraveke01",1975,1982
"krawcra01",1984,1989
"krencwa01",1979,1986
"kreutch01",1988,2003
"kroonma01",1995,2004
"kruegbi01",1983,1995
"krukjo01",1986,1995
"krukomi01",1976,1989
"kubelja01",2004,2014
"kucekja01",1974,1980
"kuipedu01",1974,1985
"kunkeje01",1984,1992
"kuntzru01",1979,1985
"kuoho01",2005,2011
"kurodhi01",2008,2014
"kusiccr01",1973,1979
"kusnyar01",1970,1978
"laceybo01",1977,1984
"lackejo01",2002,2015
"lacocpe01",1972,1980
"lacorfr01",1975,1984
"lacosmi01",1978,1991
"lacyle01",1972,1987
"laddpe01",1979,1986
"laffeaa01",2007,2015
"lagami01",1982,1990
"lagrole01",1970,1980
"lairdge01",2003,2015
"lakerti01",1992,2006
"lakest01",1983,1993
"lambmi01",2000,2010
"lamonge01",1970,1975
"lampde01",1977,1992
"lampkto01",1988,2002
"lancale01",1987,1993
"lanceri01",1982,1990
"landera01",1977,1984
"landrbi01",1986,1993
"landrke01",1977,1987
"landrti01",1980,1988
"laneja01",2002,2014
"lanema01",1971,1976
"langery01",2002,2013
"langfri01",1976,1986
"langsma01",1984,1999
"lankfra01",1990,2004
"lannajo01",2007,2014
"lansfca01",1978,1992
"lansimi01",1993,2001
"lapoida01",1980,1991
"larkiba01",1986,2004
"larkige01",1987,1993
"larocad01",2004,2015
"larocan01",2007,2013
"larocda01",1970,1983
"larsoda01",1976,1982
"larueja01",1999,2010
"laskebi01",1982,1988
"lathach01",1997,2003
"latosma01",2009,2015
"laudnti01",1981,1989
"lavalmi01",1984,1995
"lavelga01",1974,1987
"lawleto01",1982,1990
"lawrebr02",2001,2007
"lawru01",1978,1986
"lawtoma02",1995,2006
"lawva01",1980,1991
"laxtobi01",1970,1977
"leach01",1980,1988
"leachri01",1981,1990
"leachte01",1981,1993
"leagubr01",2004,2014
"leakemi01",2010,2015
"leallu01",1980,1985
"learyti01",1981,1994
"leblawa01",2008,2014
"lecroma01",2000,2007
"lecursa01",2010,2015
"ledeeri01",1998,2007
"ledesaa01",1995,2000
"ledezwi01",2003,2011
"leeca01",1999,2012
"leecl02",2002,2014
"leeda01",1999,2004
"leede02",1997,2011
"leema02",1985,1995
"leema03",1988,1995
"leetr01",1998,2006
"lefebjo01",1980,1986
"leffecr01",1983,1994
"lefloro01",1974,1982
"lehrju01",2004,2009
"leibrch01",1979,1993
"leipeda01",1984,1996
"leiteal01",1987,2005
"leitema01",1990,2001
"leiussc01",1990,1999
"lemanda01",1973,1980
"lemasjo01",1975,1987
"lemkema01",1988,1998
"lemonch01",1975,1990
"lennopa01",1991,1999
"leonade01",1974,1986
"leonaje01",1977,1990
"leonama01",1990,1995
"leonma01",1973,1978
"lerchra01",1975,1986
"lerewan01",2005,2010
"lerouch01",2009,2014
"leshebr01",1996,2002
"leskacu01",1993,2004
"lestejo01",2006,2015
"levinal01",1996,2005
"levisje01",1992,2001
"lewalde01",1975,1982
"lewisco01",2002,2015
"lewisda01",1990,2002
"lewisfr02",2006,2012
"lewisji01",1979,1985
"lewisma01",1991,2001
"lewisri01",1992,1998
"leyriji01",1990,2000
"lezcasi01",1974,1985
"lidgebr01",2002,2012
"lidleco01",1997,2006
"liebejo01",1994,2008
"liebemi01",1994,2007
"liefeje01",1999,2005
"ligteke01",1997,2005
"lillibr01",2008,2013
"lillide01",1989,1996
"lillyte01",1999,2013
"limajo01",1994,2006
"linceti01",2007,2015
"lincomi01",1999,2010
"lindad01",2006,2015
"lindeji01",1986,1994
"lindjo01",1987,1995
"lindsma01",2007,2014
"linebsc01",2000,2011
"lintodo01",1992,2003
"lintzla01",1973,1978
"lirafe01",1995,2001
"liriafr01",2005,2015
"liriane01",1987,1998
"lisjo01",1970,1977
"listapa01",1992,1997
"littema01",1973,1982
"littlma01",1998,2004
"littogr01",1989,1994
"livinsc01",1991,1998
"lizra01",2007,2015
"lloydgr01",1993,2003
"loaizes01",1995,2008
"lobatjo01",2009,2015
"lockhke01",1994,2003
"loducpa01",1998,2008
"loeka01",2004,2013
"loewead01",2006,2015
"loeweca01",1998,2003
"loftoke01",1991,2007
"loganbo02",2006,2015
"lohseky01",2001,2015
"loiseri01",1996,2001
"lollati01",1980,1986
"lombage01",1998,2006
"lombast01",1985,1990
"loneyja01",2006,2015
"longbi01",1985,1991
"longoev01",2008,2015
"longte01",1999,2006
"loopebr01",1998,2009
"lopesda01",1972,1987
"lopezal02",1993,2003
"lopezaq01",2003,2008
"lopezau01",1974,1987
"lopezfe01",2001,2011
"lopezja01",1992,2006
"lopezja02",2003,2015
"lopezjo01",2004,2012
"lopezlu02",1993,2005
"lopezme01",1998,2004
"lopezro01",2000,2012
"lopezwi01",2009,2014
"loretma01",1995,2009
"lorraan01",1994,2002
"loucksc01",1980,1985
"louxsh01",2002,2012
"lovulto01",1988,1999
"lowede01",1997,2013
"lowelmi01",1998,2010
"lowema01",2006,2015
"lowenjo01",1970,1985
"lowese01",1997,2003
"lowrije01",2008,2015
"lucasga01",1980,1987
"lucrojo01",2010,2015
"ludwiry01",2002,2014
"luebbla01",1993,2000
"luebbst01",1971,1981
"lugoju01",2000,2011
"lugour01",1985,1990
"lunahe01",2004,2012
"luzingr01",1970,1984
"lynched01",1980,1987
"lynnfr01",1974,1990
"lyonbr01",2001,2013
"lyonsba01",1986,1995
"lyonsst01",1985,1993
"lysanri01",1980,1985
"maaske01",1990,1995
"mabryjo01",1994,2007
"macdobo01",1990,1996
"macdomi01",2001,2012
"macfami01",1987,1999
"machake01",1974,1981
"macharo01",1996,2004
"maciajo01",1999,2005
"mackape01",1973,1981
"mackoro01",2001,2008
"macksh01",1987,1998
"maddoel01",1970,1980
"maddoga01",1972,1986
"maddugr01",1986,2008
"maddumi01",1986,2000
"madlobi01",1973,1987
"madsory01",2003,2015
"madurca01",1996,2002
"magadda01",1986,2001
"mageewe01",1996,2002
"magnami01",1991,2002
"magrajo01",1987,1996
"mahayro01",1995,2010
"mahlemi01",1977,1986
"mahleri01",1979,1991
"maholpa01",2005,2014
"mahompa01",1992,2003
"mahonmi02",2000,2005
"maiermi01",2006,2012
"mainejo01",2004,2013
"majewga01",2004,2010
"maldoca01",1981,1995
"maldoca03",2006,2012
"malliro01",1987,1992
"mangupe01",1972,1977
"mankoph01",1976,1982
"manniri01",1975,1987
"manrifr01",1981,1991
"manshje01",2009,2015
"mantema01",1995,2005
"mantoje01",1990,2000
"manueba01",1991,1998
"manueje01",1975,1982
"manwaki01",1987,1999
"manzajo01",1991,2004
"manzara01",1988,1995
"marcush01",2005,2015
"markani01",2006,2015
"marmoca01",2006,2014
"marotmi01",2002,2007
"marquja01",2000,2015
"marreel01",1997,2006
"marshmi02",1981,1991
"marshse01",2006,2014
"marsolo01",2008,2013
"martean01",2005,2014
"marteda01",1999,2010
"martial03",1992,2003
"martica01",1983,1991
"martica02",1988,1995
"martida01",1986,2001
"martide01",1976,1998
"martied01",1987,2004
"martije01",1974,1984
"martino01",1993,1999
"martipe02",1992,2009
"martira02",1988,2001
"martira03",1998,2009
"martire01",1979,1984
"martiru01",2006,2015
"martisa01",1995,2004
"martish01",2008,2013
"martite01",1970,1979
"martiti01",1974,1988
"martiti02",1990,2005
"martito02",1997,2007
"martivi01",2002,2015
"marzajo01",1987,1998
"masonji01",1971,1979
"masonmi01",1982,1988
"masonro01",1984,1994
"masseni01",2006,2015
"masteju01",2008,2015
"mateohe01",2001,2006
"mateoju01",2002,2007
"mateoma01",2010,2015
"mateoru01",1999,2004
"mathegr01",1986,1992
"mathemi01",1994,2006
"mathete01",1991,1999
"mathetj01",1995,2002
"mathije01",2005,2015
"mathisc01",2006,2011
"matlajo01",1971,1983
"matoslu01",2000,2006
"matsuda01",2007,2014
"matsuhi01",2003,2012
"matsuka01",2004,2010
"matthga01",1972,1987
"matthga02",1999,2010
"matthmi01",2000,2005
"mattido01",1982,1995
"matusbr01",2009,2015
"matusle01",1981,1987
"mauerjo01",2004,2015
"maxweju01",2007,2015
"maybejo02",2009,2015
"maybica01",2007,2015
"mayda02",1995,2005
"mayde01",1990,1999
"maymi01",1970,1984
"maynebr01",1990,2004
"maysjo01",1999,2006
"mazzavi01",2009,2015
"mazzile01",1976,1989
"mcanupa01",2005,2010
"mcbriba01",1973,1983
"mccanbr01",2005,2015
"mccarbr01",2005,2015
"mccarda01",1993,2005
"mccaski01",1985,1996
"mccatst01",1977,1985
"mcclasc01",1998,2008
"mccleky01",2008,2013
"mcclell01",1987,1994
"mcclubo01",1975,1993
"mccluse01",2003,2009
"mccraqu01",1995,2006
"mcculla01",1985,1992
"mccutan01",2009,2015
"mccutda01",2009,2014
"mcdonbe01",1989,1997
"mcdonda02",2004,2013
"mcdonja03",2008,2013
"mcdonjo03",1999,2014
"mcdowja01",1987,1999
"mcdowod01",1985,1994
"mcdowro01",1985,1996
"mcelrch01",1989,2001
"mcenawi01",1974,1979
"mcewijo01",1998,2006
"mcgafan01",1981,1991
"mcgeeja01",2010,2015
"mcgeewi01",1982,1999
"mcgehca01",2008,2015
"mcgloly01",1972,1982
"mcgowdu01",2005,2015
"mcgresc01",1976,1988
"mcgrifr01",1986,2004
"mcgrite01",1987,1994
"mcguiry01",1997,2002
"mcgwima01",1986,2001
"mcintti01",1990,1996
"mckayda01",1975,1982
"mckeewa01",1996,2002
"mckenmi01",2010,2015
"mckinri01",1970,1977
"mcknije01",1989,1994
"mclaubo01",1976,1982
"mclauby01",1977,1983
"mclaujo01",1977,1984
"mclemma01",1986,2004
"mclouna01",2005,2014
"mcmicgr01",1993,2000
"mcmilbi01",1996,2004
"mcmurcr01",1983,1995
"mcpheda01",2004,2011
"mcraebr01",1990,1999
"mcreyke01",1983,1994
"mcwilla01",1978,1990
"meachbo01",1983,1988
"meachru01",1991,2001
"meadobr01",1998,2006
"mearepa01",1993,2001
"mechegi01",1999,2010
"mecirji01",1995,2005
"meddebr01",2005,2010
"medicdo01",1972,1982
"medlekr01",2009,2015
"meekev01",2008,2014
"mejiaje01",2010,2015
"mejiasa01",1976,1981
"melanma01",2009,2015
"melenfr01",1984,1989
"melenlu01",1970,1977
"melhuad01",2000,2008
"melusmi01",1998,2003
"melvibo01",1985,1994
"menchke01",2002,2010
"mendolu01",2007,2013
"mendoma01",1974,1982
"mendora01",1996,2005
"menecfr01",1999,2005
"meoliru01",1971,1979
"mercaor01",1982,1990
"mercehe01",1992,1997
"mercejo02",1994,2003
"merceor01",1990,2003
"merckke01",1989,2008
"meredcl01",2005,2010
"merlolo01",1998,2006
"merulma01",1989,1995
"mesajo01",1987,2007
"metzgro01",1970,1980
"meulehe01",1989,1998
"meyerda01",1974,1985
"meyerda02",2004,2010
"micelda01",1993,2006
"michach01",1998,2006
"michaja01",2001,2011
"mientdo01",1998,2009
"mieskma01",1993,2000
"mijarjo01",2008,2013
"milacbo01",1988,1996
"milbola01",1974,1984
"milesaa01",2003,2011
"millake01",1998,2009
"millean01",2006,2015
"milleco01",2001,2013
"milleda02",1997,2007
"milledy01",1975,1981
"milleed04",1977,1984
"milleji02",2008,2014
"milleju01",2002,2010
"milleke01",1987,1995
"milleku01",1994,1999
"millela02",2006,2011
"milleri01",1971,1985
"milletr01",1996,2002
"milletr02",1996,2011
"millewa04",1999,2007
"millira01",1987,1994
"millsal01",1990,2001
"millsbr02",2009,2015
"millwke01",1997,2012
"milneed01",1980,1988
"milnejo01",1971,1982
"miltoer01",1998,2009
"minerza01",2006,2013
"mingost01",1970,1979
"minorbl01",1992,1997
"mintogr01",1975,1990
"mirabdo01",1996,2007
"mirabpa01",1978,1990
"mischpa01",2006,2011
"mitchbo02",1970,1975
"mitchke01",1984,1998
"mitchke02",1991,1998
"mitchpa01",1975,1980
"mitrese01",2003,2011
"mizerjo01",1983,1989
"mlickda01",1992,2002
"moehlbr01",1996,2010
"moellch01",2000,2010
"moffira01",1972,1983
"mohlemi01",1993,2001
"mohrdu01",2001,2007
"molinbe01",1998,2010
"molinbo01",1975,1983
"moliniz01",1996,2002
"molinjo01",1999,2014
"molinya01",2004,2015
"molitpa01",1978,1998
"mondera01",1993,2005
"mongesi01",1975,1984
"monrocr01",2001,2009
"montajo01",1973,1980
"montejo01",1974,1986
"montemi01",2006,2015
"monteri01",1987,1996
"montgbo01",1970,1979
"montgje01",1987,1999
"montzlu01",2008,2013
"mooread01",2009,2015
"mooreba02",1970,1980
"moorech02",1973,1987
"mooredo01",1975,1988
"mooremi01",1982,1995
"mooresc02",2006,2012
"mooreto01",1972,1977
"moralfr01",2007,2015
"moraljo01",1973,1984
"moralke01",2006,2015
"morame01",1999,2011
"moranmi01",1990,2000
"mordemi01",1994,2005
"morelbr01",2010,2015
"morelke01",1978,1989
"morelmi01",2010,2015
"morenom01",1975,1986
"morenor01",1999,2004
"moretro01",1970,1978
"morgami01",1978,2002
"morgany01",2007,2014
"mormaru01",1986,1997
"morneju01",2003,2015
"morriha02",1988,2000
"morrija02",1977,1994
"morriji01",1977,1988
"morrijo07",1986,1992
"morrilo01",2010,2015
"morrima01",1997,2008
"morrobr01",2007,2015
"morsemi01",2005,2015
"mortoch02",2008,2015
"mosebll01",1980,1991
"moseldu01",2006,2012
"mosesjo01",1982,1992
"moskapa01",1977,1983
"mosquju01",1996,2005
"mossbr01",2007,2015
"motagu01",1999,2012
"motleda01",1981,1987
"motteja01",2008,2015
"mottoch01",1996,2006
"moutoja01",1994,2001
"moutoly01",1995,2001
"moyerja01",1986,2012
"moylape01",2006,2015
"muellbi02",1996,2006
"mujiced01",2006,2015
"muldema01",2000,2008
"mulhote01",1986,2006
"mullifr01",1980,1986
"mullira01",1977,1992
"mumphje01",1974,1988
"munozbo01",1993,2001
"munozmi01",1989,2000
"munozpe01",1990,1996
"munrope01",1999,2004
"munsoer01",2000,2009
"murast01",1978,1985
"murphda05",1976,1993
"murphda07",2006,2015
"murphda08",2008,2015
"murphdo01",2004,2014
"murphdw01",1978,1989
"murphro01",1985,1995
"murraca01",1999,2004
"murrada01",1974,1985
"murraed02",1977,1997
"murrahe01",1997,2002
"murrala01",1974,1979
"mussimi01",1991,2008
"myersbr01",2002,2013
"myersgr01",1987,2005
"myersmi01",1995,2007
"myersra01",1985,1998
"myersro01",1996,2004
"myettaa01",1999,2004
"nabhoch01",1990,1995
"nadyxa01",2000,2014
"naehrti01",1990,1997
"nagych01",1990,2003
"nahorbi01",1976,1984
"napolmi01",2006,2015
"narroje01",1979,1987
"narvech01",2006,2015
"natalro01",1992,1997
"nathajo01",1999,2015
"navada01",2010,2015
"navardi01",2004,2015
"navarja01",1989,2000
"neaglde01",1991,2003
"nelsoge01",1981,1993
"nelsoje01",1992,2006
"nelsojo01",2001,2010
"nenro01",1993,2002
"neshepa01",2006,2015
"nettlji01",1970,1981
"nevinph01",1995,2006
"newfima01",1993,1998
"newhada01",1999,2008
"newmaal01",1985,1992
"newmaje01",1976,1984
"newsowa01",1991,1998
"nichoca01",1986,1991
"nichore01",1980,1987
"nichoro02",1988,1995
"nichtch01",1995,2002
"nicosst01",1978,1985
"niedeto01",1981,1990
"niemara01",1979,1987
"niesejo01",2008,2015
"nietoto01",1984,1990
"nieveme01",1992,1998
"nievewi01",2002,2015
"nilssda01",1992,1999
"nippeal01",1983,1990
"nippedu01",2005,2010
"nitkocj01",1995,2005
"nixja01",2008,2014
"nixla01",2003,2013
"nixonot01",1983,1999
"nixontr01",1996,2008
"noboaju01",1984,1994
"nokesma01",1985,1995
"nolanjo01",1972,1985
"nolasri01",2006,2015
"nolesdi01",1979,1990
"nomohi01",1995,2008
"nordbti01",1974,1979
"nordhwa01",1976,1983
"normada01",1977,1982
"normane01",1978,1987
"norribu01",2009,2015
"norrimi01",1975,1990
"northbi01",1971,1981
"nortogr01",1996,2009
"novaiv01",2010,2015
"nunezab01",1997,2008
"nunezed01",1982,1994
"nunezed02",2010,2015
"nunezle01",2005,2014
"nunezvl01",1998,2009
"nunnajo01",1995,2000
"oatesjo01",1970,1981
"oberkke01",1977,1992
"obermwe01",2002,2007
"oberrmi01",1979,1985
"obriech01",1985,2000
"obriepe03",1982,1993
"ochoaal01",1995,2002
"oconnja02",1981,1987
"oconnmi01",2006,2011
"odayda01",2008,2015
"oestero01",1978,1990
"offerjo01",1990,2005
"officro01",1972,1983
"oflaher01",2006,2015
"ogandal01",2010,2015
"ogeach01",1994,1999
"oglivbe01",1971,1986
"ohkato01",1999,2009
"ohlenro01",2007,2015
"ohmanwi01",2000,2012
"ojedaau01",2000,2010
"ojedabo01",1980,1994
"okajihi01",2007,2013
"oleartr01",1993,2003
"olerujo01",1989,2005
"olivaom01",1990,2001
"oliveda02",1993,2013
"olivejo01",1989,2001
"olivomi01",2002,2014
"olmedra01",2003,2012
"olsensc01",2005,2010
"olsonga01",2007,2012
"olsongr01",1988,2001
"omallto01",1982,1990
"onealra01",1984,1990
"oneilpa01",1985,2001
"ontivst01",1973,1980
"ontivst02",1985,2000
"oquenjo01",1983,1995
"oquismi01",1993,1999
"ordazlu01",1997,2006
"ordonma01",1997,2011
"ordonre01",1996,2004
"orieke01",1997,2002
"oroscje01",1979,2003
"orrpe01",2005,2013
"orsuljo01",1983,1997
"ortajo01",1972,1987
"ortizda01",1997,2015
"ortizju01",1982,1994
"ortizra01",1999,2013
"ortizru01",1998,2010
"osbordo01",1992,2004
"osikke01",1996,2005
"osullse01",2009,2015
"osunaal01",1990,1996
"osunaan01",1995,2005
"oswalro01",2001,2013
"ottavad01",2010,2015
"otted01",1974,1981
"ottenji01",1974,1981
"ottoda01",1987,1994
"outmajo01",2008,2014
"overbly01",2001,2014
"owchibo01",1976,1986
"owenda01",1983,1988
"owenla01",1981,1988
"owenser01",1995,2003
"owensp01",1983,1995
"owingmi01",2007,2012
"ozunapa01",2000,2008
"paceljo01",1977,1986
"pacioto01",1970,1987
"padilvi01",1999,2012
"paganan01",2006,2015
"pagelka01",1978,1983
"pagemi02",1977,1984
"paglimi01",1984,1995
"pagnoma01",2009,2014
"pagnoto01",1987,1998
"paintla01",1993,2003
"palacvi01",1987,2000
"palldo01",1988,1998
"palmeda01",1978,1989
"palmede01",1989,2003
"palmeor01",1995,2007
"palmera01",1986,2005
"paniajo01",1996,2003
"pankoji01",1984,1990
"papeljo01",2005,2015
"papist01",1974,1981
"paquecr01",1993,2003
"parenma01",1986,1998
"pariske01",1982,1988
"parkch01",1994,2010
"parkecl01",1987,1992
"parkeda01",1973,1991
"parkeha01",1970,1976
"parkeri01",1990,1996
"parnebo01",2008,2015
"paronch01",2001,2009
"parquji01",1998,2003
"parrage01",2009,2015
"parrajo01",1995,2004
"parrama01",2007,2015
"parreje01",1986,1996
"parrijo01",2000,2010
"parrila01",1974,1988
"parrila02",1977,1995
"parrist01",1995,2003
"parsoca01",1981,1987
"pascuva01",2004,2011
"pasquda01",1985,1994
"pastofr01",1979,1986
"pattebo01",1985,1998
"patteco01",2000,2011
"patteda04",1996,2004
"pattejo02",2002,2007
"patteke01",1988,1994
"pattotr01",2007,2014
"pauleda01",2006,2012
"paulife01",2007,2014
"pauliro01",2005,2012
"pauljo01",1999,2007
"paulxa01",2009,2014
"pavanca01",1998,2012
"pavlada01",1990,1996
"pavliro01",1992,1998
"paytoja01",1998,2010
"pearcst01",2007,2015
"peavyja01",2002,2015
"pecotbi01",1986,1994
"pedrodu01",2006,2015
"pelfrmi01",2006,2015
"penaal01",1981,1996
"penabe01",1981,1987
"penabr01",2005,2015
"penaca01",2001,2014
"penage01",1990,1996
"penara02",2009,2014
"penato01",1980,1997
"penato03",2006,2011
"penawi01",2002,2011
"pencehu01",2007,2015
"pendlte01",1984,1998
"pennha01",2005,2010
"pennibr01",1993,1998
"pennicl01",2008,2015
"pennybr01",2000,2014
"peraljh01",2003,2015
"peraljo01",2005,2015
"percitr01",1995,2009
"percoja01",1980,1986
"perezca01",1995,2000
"perezch01",2008,2014
"perezed01",1993,2006
"perezed02",1995,2005
"perezju01",2006,2013
"perezme01",1987,1995
"perezmi01",1990,1997
"perezne01",1996,2007
"perezod01",1998,2008
"perezol01",2002,2015
"perezpa01",1980,1991
"perezra01",2006,2012
"perezro01",1994,2001
"perezti01",2000,2007
"perezto03",1995,2008
"perezyo01",1991,2002
"perisma01",1997,2005
"perkibr01",1978,1984
"perkigl01",2006,2015
"perryge01",1983,1995
"perryhe01",1994,2004
"perrypa02",1985,1990
"persoro01",1995,2003
"perzast01",1971,1978
"pestavi01",2010,2015
"petagro01",1994,2006
"peterch01",1996,2001
"peterri01",1979,1986
"petitgr01",2008,2015
"petityu01",2006,2015
"petkoma01",1991,2001
"petrage01",1982,1993
"petryda01",1979,1991
"pettian01",1995,2013
"pettiga01",1982,1992
"pettyad01",2001,2008
"phelpjo01",2000,2008
"phelpke01",1980,1990
"phillbr01",2002,2015
"phillja04",2001,2007
"philljr01",1993,1999
"phillmi01",1973,1983
"phillpa01",2004,2010
"phillto02",1982,1999
"piazzmi01",1992,2007
"picciro01",1977,1985
"pichahi01",1992,2002
"pickeca01",1998,2005
"piefe01",2007,2013
"pierrju01",2000,2013
"pierzaj01",1998,2015
"pineijo01",2000,2011
"pitlosk01",1970,1975
"plantph01",1990,1997
"plesada01",1986,2003
"plouftr01",2010,2015
"plunker01",1986,1999
"pocorbi01",1975,1984
"podsesc01",2001,2012
"polanpl01",1998,2013
"poledi01",1973,1978
"polidgu01",1985,1993
"politcl01",1998,2006
"polonlu01",1987,2000
"ponsosi01",1998,2009
"pooleji02",1990,2000
"poqueto01",1973,1982
"porceri01",2009,2015
"poredaa01",2009,2014
"porteda02",1971,1987
"portuma01",1985,1999
"posadjo01",1995,2011
"posesc01",1993,2000
"poseybu01",2009,2015
"potelo01",1999,2004
"powelbr01",1998,2004
"powelde01",1985,1993
"powelho01",1978,1983
"powelja04",1995,2005
"powerte01",1981,1993
"pradoma01",2006,2015
"prattto02",1992,2006
"preslal01",2010,2015
"preslji01",1984,1991
"priceda01",2008,2015
"pricejo02",1980,1990
"pridecu01",1993,2006
"pridija01",2008,2015
"prietar01",1995,2001
"princto01",1987,2003
"prinzbr01",2001,2007
"proctsc01",2004,2011
"prolymi01",1976,1983
"pruitro01",1975,1983
"pryorgr01",1976,1986
"puckeki01",1984,1995
"pughti01",1992,1997
"puhlte01",1977,1991
"pujolal01",2001,2015
"pujollu01",1977,1985
"puleoch01",1981,1989
"pulidca01",1994,2004
"pulliha01",1991,1997
"pulsibi01",1995,2005
"puntoni01",2001,2014
"purceda01",2008,2013
"putnapa01",1977,1984
"putzjj01",2003,2014
"quallch01",2004,2015
"quantpa01",1992,2005
"quentca01",2006,2014
"quinlro01",2003,2010
"quinlto01",1990,1996
"quinolu01",1983,1992
"quintca01",1988,1993
"quinthu01",2003,2014
"quintom01",2005,2014
"quirkja01",1975,1992
"quirogu01",2004,2014
"quiseda01",1979,1990
"rabbjo01",1982,1988
"raburry01",2004,2015
"raderda01",1971,1980
"radinsc01",1990,2001
"radkebr01",1995,2006
"raggibr01",1997,2003
"rainech01",1979,1984
"raineti01",1979,2002
"ramiral03",2008,2015
"ramirar01",1998,2015
"ramirha01",2005,2015
"ramirho01",2003,2011
"ramirju01",1999,2005
"ramirma01",1980,1985
"ramirma02",1993,2011
"ramirmi01",1970,1979
"ramiror01",1974,1979
"ramirra01",1980,1992
"ramirra02",2006,2014
"ramosbo01",1978,1984
"ramosce01",2009,2015
"ramosdo01",1978,1990
"ramoswi01",2010,2015
"ramsemi01",1978,1985
"randajo01",1995,2006
"randlle01",1971,1982
"randowi01",1975,1992
"ransoco01",2001,2013
"rapadcl01",2007,2013
"rapppa01",1992,2001
"rasmuco01",2009,2015
"rasmude01",1983,1995
"rasmuer01",1975,1983
"rauchjo01",2002,2013
"raudo01",1972,1981
"rawlesh01",1978,1989
"raych01",2005,2011
"rayfofl01",1980,1987
"rayjo01",1981,1990
"rayke01",1999,2006
"readyra01",1983,1995
"reamebr01",2000,2006
"reardje01",1979,1994
"rebouje01",1992,2003
"reddijo01",2009,2015
"redditi01",2001,2009
"redfepe01",1976,1982
"redmama01",1999,2008
"redmati01",2000,2007
"redmomi01",1998,2010
"redusga01",1982,1994
"reedje01",1981,1990
"reedje02",1984,2000
"reedje03",2004,2011
"reedjo01",1987,1997
"reedri01",1988,2003
"reedst01",1992,2005
"reesepo01",1997,2004
"reimeke01",1988,1993
"reimono01",2009,2015
"reitsch01",2001,2007
"reitzke01",1972,1982
"rekarbr01",1995,2002
"relafde01",1996,2007
"remlimi01",1991,2006
"remyje01",1975,1984
"renteed01",1996,2011
"renteri01",1986,1994
"repkoja01",2005,2012
"resopch01",2005,2013
"restomi01",2002,2007
"reuscri01",1972,1991
"reverbe01",2010,2015
"reyesal01",1995,2008
"reyesca01",1994,2003
"reyesde01",1997,2011
"reyesgi01",1983,1991
"reyesjo01",2003,2015
"reyesjo03",2007,2015
"reynoar02",1991,2002
"reynocr01",1975,1989
"reynogr01",2008,2013
"reynoha01",1983,1994
"reynoke01",1970,1976
"reynoma01",2007,2015
"reynoma02",2010,2015
"reynorj01",1983,1990
"reynoro02",1982,1990
"reynosh01",1992,2004
"rhodear01",1991,2011
"rhodeka01",1990,1995
"rhoderi01",1974,1989
"riceji01",1974,1989
"richach01",2000,2009
"richacl01",2008,2015
"richage01",1977,1984
"richajr01",1971,1980
"richale01",1971,1976
"riedljo01",2000,2005
"riggsad01",1997,2004
"righeda01",1979,1995
"rijojo01",1984,2002
"rileser01",1985,1993
"rileyge01",1979,1986
"rileyma01",1999,2005
"rincoju01",2001,2010
"rincori01",1997,2008
"ringro01",2005,2010
"riosal01",2004,2015
"riosar01",1998,2003
"ripkebi01",1987,1998
"ripkeca01",1981,2001
"riskeda01",1999,2010
"rislebi01",1992,1998
"ritchto01",1997,2004
"ritchwa01",1987,1992
"ritzke01",1989,1998
"rivaslu01",2000,2008
"riverbo01",1975,1982
"riverju01",2001,2012
"riverlu01",1986,1998
"riverma01",1995,2013
"rivermi01",1970,1984
"rivermi02",2001,2011
"riverre01",2004,2015
"riverru01",1995,2003
"roajo01",1995,2004
"roberbe01",1979,1986
"roberbi01",1986,1998
"roberbr01",2001,2014
"roberda06",1972,1982
"roberda07",1999,2008
"roberda08",2008,2015
"roberle01",1974,1984
"roberna01",2002,2010
"roberri02",1993,1998
"roberry01",2006,2014
"roberwi01",1999,2004
"robidbi01",1985,1990
"robincr01",1972,1977
"robindo01",1978,1992
"robinje01",1984,1992
"robinje02",1987,1992
"robinke02",1998,2006
"robinro01",1984,1992
"robinsh01",2009,2015
"rockejo01",1998,2003
"rodnefe01",2002,2015
"rodrial01",1994,2015
"rodried01",1973,1979
"rodrife01",1995,2006
"rodrife02",2009,2015
"rodrifr02",1995,2001
"rodrifr03",2002,2015
"rodrihe02",1992,2002
"rodrihe03",2009,2014
"rodriiv01",1991,2011
"rodrilu01",2005,2011
"rodrine01",1996,2002
"rodriri02",1990,2003
"rodrise01",2008,2015
"rodrivi01",1984,1989
"rodriwa01",2005,2015
"roeniga01",1976,1988
"roenijo01",2008,2013
"roeniro01",1981,1988
"rogeres01",2009,2015
"rogerke01",1989,2008
"rogerst01",1973,1985
"rojasme01",1990,1999
"rolensc01",1996,2012
"rolliji01",2000,2015
"romered01",1977,1990
"romerjc01",1999,2012
"romerma01",1997,2003
"rominan01",2010,2015
"rominke01",1985,1991
"romoen01",1977,1982
"romose01",2008,2015
"rosalad01",2008,2015
"rosarji01",1971,1976
"roselda01",1972,1981
"rossco01",2003,2015
"rossda01",2002,2015
"rossma01",1982,1990
"rossty01",2010,2015
"rossyri01",1991,1998
"rottivi01",2006,2012
"rowanaa01",2001,2011
"rowlari01",1990,1995
"rowlary01",2007,2014
"roystje01",1973,1988
"rozemda01",1977,1986
"ruckeda01",1981,1988
"rueteki01",1993,2005
"ruffibr01",1986,1997
"ruffijo01",1993,2001
"ruggiju01",2007,2015
"ruhleve01",1974,1986
"ruizca01",2006,2015
"rungepa01",1981,1988
"rupejo01",2005,2011
"ruschgl01",1997,2009
"russeja02",2010,2015
"russeje01",1983,1996
"russejo02",1984,1993
"ruthvdi01",1973,1986
"ryalma01",1982,1990
"ryanbj01",1999,2009
"ryanbr01",2007,2015
"ryanke01",1992,1999
"ryanmi03",2002,2010
"rzepcma01",2009,2015
"saarlki01",2002,2008
"sabatcc01",2001,2015
"saberbr01",1984,2001
"saboch01",1988,1996
"sadekmi01",1973,1981
"sadledo01",1998,2007
"saenzol01",1994,2007
"saitota01",2006,2012
"sakatle01",1977,1987
"salasfe01",2010,2015
"salasma01",1984,1991
"salazan01",1983,1988
"salazlu01",1980,1992
"salazos01",2002,2010
"salech01",2010,2015
"salmoti01",1992,2006
"saltaja01",2007,2015
"samarje01",2008,2015
"sambijo01",1976,1987
"samplbi01",1978,1986
"samueju01",1983,1998
"sanchal01",1982,1987
"sanchan01",2006,2015
"sanchan02",2006,2013
"sanchbr01",2006,2012
"sanchdu01",2002,2009
"sanchfr01",2002,2011
"sanchga01",2008,2014
"sanchje01",1998,2004
"sanchjo01",2006,2013
"sanchre01",1991,2005
"sandbry01",1981,1997
"sandede02",1989,2001
"sandere02",1991,2007
"sandesc01",1978,1996
"sandesc02",1993,1999
"sandopa01",2008,2015
"santaca01",2010,2015
"santaer01",2005,2015
"santafp01",1995,2001
"santajo01",2000,2012
"santaju01",1997,2006
"santara01",1983,1990
"santibe01",1986,2005
"santijo03",1997,2005
"santira01",2002,2014
"santone01",1987,1993
"santoom01",2008,2013
"santose01",2010,2015
"santovi01",2001,2007
"sardida01",2003,2011
"sarmima01",1976,1983
"sassema01",1987,1995
"sauersc01",1999,2006
"saundjo01",2005,2014
"saundmi01",2009,2015
"sauveri01",1986,2000
"saxda01",1982,1987
"saxst01",1981,1994
"scanlbo01",1991,2001
"scarcma01",1972,1978
"scarsst01",1992,1999
"schaeje01",1989,1994
"schafjo02",2009,2015
"schatda01",1977,1991
"scherbi01",1982,1988
"scherma01",2008,2015
"schiena01",2007,2014
"schilcu01",1988,2007
"schirca01",1984,1991
"schlibr01",2010,2015
"schmida01",1981,1992
"schmija01",1995,2009
"schmimi01",1972,1989
"schnebr01",2000,2012
"schoesc01",1999,2010
"schofdi02",1983,1996
"schoomi01",1988,1993
"schoupe01",1991,2001
"schrobi01",1983,1990
"schroke01",1980,1987
"schuero01",1972,1979
"schulda01",1979,1985
"schuldo01",1983,1989
"schumsk01",2005,2015
"schuri01",1984,1996
"sciosmi01",1980,1992
"scottdo01",1983,1991
"scottlu01",2005,2013
"scottmi02",1972,1977
"scottmi03",1979,1991
"scottro01",1975,1982
"scottti01",1991,1997
"scottto01",1973,1984
"scurrro01",1980,1988
"scutama01",2002,2014
"seaneru01",1989,2008
"searara01",1981,1990
"seaybo01",2001,2009
"sebrabo01",1985,1990
"seddoch01",2007,2012
"sefcike01",1995,2001
"seguida01",1990,2004
"seguife01",1998,2003
"seitzke01",1986,1997
"selbybi01",1996,2003
"seleaa01",1993,2007
"seoja01",2002,2007
"serafda01",1996,2007
"servasc01",1991,2001
"servisc01",1988,2004
"sexsori01",1997,2008
"sextoji01",1977,1983
"sharpmi01",1987,1995
"shavejo01",1993,1999
"shawje01",1990,2001
"sheafda01",1987,1997
"shealry01",2005,2010
"sheetan01",1996,2002
"sheetbe01",2001,2012
"sheetla01",1984,1993
"sheffga01",1988,2009
"shelbjo01",1981,1991
"sheltch01",2004,2009
"sheripa01",1981,1991
"sherrge01",2004,2012
"shielja02",2006,2015
"shielsc01",2001,2010
"shiplcr01",1986,1998
"shirlbo01",1977,1987
"shoppke01",2005,2013
"shousbr01",1993,2009
"shower01",1981,1991
"shueypa01",1994,2007
"shumpte01",1990,2003
"siddajo01",1993,1998
"sierrru01",1986,2006
"sikorbr01",2000,2006
"silvaca01",2002,2010
"silvajo01",1996,2002
"silveda01",1992,1999
"simasbi01",1995,2000
"simmsmi01",1990,1999
"simonal01",2008,2015
"simonja01",2002,2007
"simonra01",1997,2006
"simpsjo01",1975,1983
"simpswa01",1970,1977
"sinatma01",1981,1992
"singlch01",1999,2005
"singlke01",1970,1984
"sippto01",2009,2015
"sirotmi01",1995,2000
"siskdo01",1982,1991
"sizemgr01",2004,2015
"skinnjo01",1983,1991
"skokcr01",1973,1979
"slatedo01",2006,2012
"slatoji01",1971,1986
"slaugdo01",1982,1997
"slocuhe01",1991,2000
"sloweke01",2007,2014
"slusajo01",1991,2001
"smallaa01",1994,2006
"smallro02",1975,1987
"smilejo01",1986,1997
"smithbi05",1975,1981
"smithbr01",1981,1993
"smithda02",1980,1992
"smithdw01",1989,1996
"smithja05",2001,2009
"smithjo05",2007,2015
"smithle02",1980,1997
"smithlo01",1978,1994
"smithma03",1994,2003
"smithmi03",1982,1989
"smithmi04",1984,1989
"smithoz01",1978,1996
"smithpe02",1987,1998
"smithro01",1984,1991
"smithse01",2007,2015
"smithtr01",1998,2006
"smithza01",1984,1996
"smoakju01",2010,2015
"smoltjo01",1988,2009
"snellch02",2002,2008
"snellia01",2004,2010
"snidetr01",2008,2015
"snowjt01",1992,2008
"snydech02",2004,2013
"snydeco02",1986,1994
"snydeky01",2003,2008
"soderer01",1971,1980
"sogarer01",2010,2015
"sojolu01",1990,2003
"solanju01",1983,1989
"solomed01",1973,1982
"sorenla01",1977,1988
"soriaal01",1999,2014
"soriajo01",2007,2015
"soriara01",2002,2015
"sorrepa01",1989,1999
"sosael01",1972,1983
"sosajo02",2002,2010
"sosasa01",1989,2007
"sotoge01",2005,2015
"sotoma01",1977,1988
"spande01",2008,2015
"sparkst01",1995,2004
"spehrti01",1991,1999
"speiech01",1971,1989
"speieju01",1998,2009
"spencsh01",1998,2004
"spierbi01",1989,2001
"spiezsc01",1996,2007
"spikech01",1972,1980
"spilbry01",2005,2011
"spillda01",1974,1985
"spilmha01",1978,1989
"splitpa01",1970,1984
"spoljpa01",1994,2000
"spradje01",1993,2000
"spraged02",1991,2001
"sprinde01",1995,2002
"sprinru01",1992,2010
"squirmi01",1975,1985
"stahosc01",1993,1998
"stairma01",1992,2011
"stammcr01",2009,2015
"standja01",2001,2007
"stanhdo01",1972,1982
"stankan01",1992,1998
"stanlbo01",1977,1989
"stanlmi02",1986,2000
"stantle01",1970,1978
"stantmi01",1975,1985
"stantmi02",1989,2007
"stantmi03",2010,2015
"staplda01",1980,1986
"starkde01",1999,2009
"staufti01",2005,2015
"stclara01",1984,1994
"stearjo01",1974,1984
"stegmda01",1978,1984
"steinbi02",1972,1985
"steinte01",1986,1999
"stennre01",1971,1981
"stephea01",1971,1978
"stephga01",1996,2003
"sternad01",2005,2010
"steveda01",1994,2000
"stevele01",1990,2002
"stewach01",2006,2015
"stewada01",1978,1995
"stewaia01",2007,2014
"stewasa01",1978,1987
"stewash01",1995,2008
"stiebda01",1979,1998
"stillku01",1986,1996
"stinnke01",1994,2007
"stockke01",1993,2000
"stoddbo01",1981,1987
"stoddti01",1975,1989
"stoneje01",1983,1990
"stoneri01",2001,2007
"stonest01",1971,1981
"storedr01",2010,2015
"stottto01",1988,2002
"strando01",1989,1998
"strasst01",2010,2015
"strawda01",1983,1999
"streehu01",2005,2015
"stricsc01",1999,2010
"strombr01",1972,1977
"stroppe01",2009,2015
"stubbdr01",2009,2015
"stubbfr01",1984,1995
"stullev01",1997,2002
"stulter01",2006,2015
"sturtta01",1995,2008
"stynech01",1995,2004
"sullico01",2005,2010
"sullima02",1982,1987
"sullisc01",1995,2004
"summech01",1974,1984
"sundbji01",1974,1989
"suppaje01",1995,2012
"surhobj01",1987,2005
"sutclri01",1976,1994
"suttebr01",1976,1988
"suttola01",1997,2004
"suzukic01",2001,2015
"suzukku01",2007,2015
"suzukma01",1996,2002
"sveumda01",1986,1999
"swancr01",1973,1984
"swanru01",1989,1994
"swarzan01",2009,2015
"sweenbr01",2003,2010
"sweenma01",1995,2008
"sweenmi01",1995,2010
"sweenry01",2006,2014
"sweetri01",1978,1983
"swiftbi02",1985,1998
"swindgr01",1986,2002
"swishni01",2004,2015
"swishst01",1974,1982
"switzjo01",2003,2009
"tabakje01",1994,2001
"tabatjo01",2010,2015
"tablepa01",1981,1992
"tagucso01",2002,2009
"tallebr01",2002,2011
"tamje01",1998,2003
"tananfr01",1973,1993
"tapanke01",1989,2001
"tarasto01",1993,2002
"tartada01",1984,1997
"taschja01",2005,2010
"tatisfe01",1997,2010
"tatumji01",1992,1998
"taubeed01",1991,2001
"tavarju01",1993,2009
"taveral01",1976,1983
"taverfr01",1971,1982
"taverwi01",2004,2010
"taylobi04",1994,2001
"taylore01",2000,2005
"tazawju01",2009,2015
"teagata01",2008,2015
"teahema01",2005,2011
"teixema01",2003,2015
"tejadmi01",1997,2013
"tejadru01",2010,2015
"tejedro01",2005,2011
"tejermi01",1999,2005
"tekulke01",1974,1989
"telemam01",1996,2005
"telfoan01",1990,2002
"telghda01",1993,1998
"tellmto01",1979,1985
"templga01",1976,1991
"terreje01",1973,1980
"terrewa01",1982,1992
"terrysc01",1986,1991
"tettlmi01",1984,1997
"teufeti01",1983,1993
"tewksbo01",1986,1998
"thamema01",2002,2011
"thatcjo01",2007,2015
"thayeda01",2009,2015
"theriry01",2005,2012
"thigpbo01",1986,1994
"tholejo01",2009,2015
"thomaan01",1985,1990
"thomabr01",2001,2011
"thomacl02",2008,2013
"thomade01",1971,1985
"thomafr04",1990,2008
"thomaga01",1972,1980
"thomago01",1973,1986
"thomaro02",1977,1987
"thomeji01",1991,2012
"thompbr01",2005,2010
"thompda01",1970,1976
"thompja01",1976,1986
"thompju02",1996,2005
"thompma01",1994,2000
"thompmi02",1984,1996
"thompri01",1985,1990
"thompri02",2004,2012
"thompri03",2007,2012
"thompro01",1986,1996
"thompry01",1992,2002
"thompsc01",1978,1985
"thomsjo01",1997,2007
"thondi01",1979,1993
"thornan01",1973,1987
"thornlo01",1985,1990
"thornma01",2004,2015
"thurmga01",1987,1997
"thurmma01",1983,1990
"thurmmi01",1997,2002
"thursjo01",2002,2011
"tibbsja01",1984,1990
"tidrodi01",1972,1984
"tillmch01",2009,2015
"tillmru01",1982,1988
"timlimi01",1991,2008
"timmooz01",1995,2000
"tinglro01",1982,1995
"tobikda01",1978,1985
"toddji01",1974,1979
"tolivfr01",1984,1993
"tollest01",2010,2015
"tollewa01",1981,1990
"tolmati01",1981,1987
"tombean01",1993,1998
"tomkobr01",1997,2011
"tomlida01",1972,1986
"tomlijo01",2010,2015
"torrean02",2002,2013
"torreca01",2009,2015
"torreru01",1971,1980
"torresa01",1993,2008
"torreyo01",2001,2013
"towerjo01",2001,2009
"trabebi01",2003,2009
"trabeji01",1984,1989
"trachst01",1993,2008
"tracyan01",2000,2009
"tracych01",2004,2013
"trammal01",1977,1996
"trammbu01",1997,2003
"travebi01",1974,1983
"treadje01",1987,1995
"treanma01",2004,2012
"tremich01",1995,2004
"trevial01",1978,1990
"trillma01",1973,1989
"trlicri01",1992,1997
"trombmi01",1992,2002
"troncra01",2008,2013
"troutst01",1978,1989
"trumbma01",2010,2015
"tsaoch01",2003,2015
"tuckemi01",1995,2006
"tucketj01",2000,2005
"tudorjo01",1979,1990
"tuiasma01",2008,2013
"tulowtr01",2006,2015
"tunnele01",1982,1989
"turnbde01",2000,2008
"turnech01",1993,2000
"turneje01",1974,1983
"turneju01",2009,2015
"twitcwa01",1970,1979
"tynerja01",2000,2008
"tyronji01",1972,1977
"tysonmi01",1972,1981
"ueharko01",2009,2015
"ugglada01",2006,2015
"underto01",1974,1984
"unroeti01",1995,2000
"upshawi01",1978,1988
"uptonbj01",2004,2015
"uptonju01",2007,2015
"urbinug01",1995,2005
"uribejo01",1984,1993
"uribeju01",2001,2015
"utleych01",2003,2015
"vailmi01",1975,1984
"valbulu01",2008,2015
"valdeef01",1990,1998
"valdeis01",1994,2005
"valdema01",1995,2001
"valdeme01",2004,2011
"valdese01",1986,1995
"valdewi01",2004,2012
"valenda01",2010,2015
"valenel01",1975,1985
"valenfe01",1980,1997
"valenja01",1997,2008
"valenjo02",1992,2002
"valenjo03",1992,2007
"valerju01",1990,1996
"valleda01",1984,1996
"valvejo01",2003,2014
"vandeed01",1982,1988
"vandejo02",1991,2004
"vanderi01",2007,2012
"vangoda01",1982,1987
"vanpoto01",1991,2004
"vanslan01",1983,1995
"vargacl01",2003,2010
"vargaja01",2005,2015
"varitja01",1997,2011
"varshga01",1988,1995
"varvaan01",2010,2015
"vaughgr01",1989,2003
"vaughmo01",1991,2003
"vazquja01",1998,2011
"vazqura01",2001,2009
"vealdo01",2009,2015
"velanjo01",1997,2008
"velarra01",1987,2002
"velazgi01",2008,2013
"velezot01",1973,1983
"venabma01",1979,1991
"venabwi01",2008,2015
"venafmi01",1999,2006
"venturo01",1989,2004
"verasjo01",2006,2014
"verasqu01",1995,2001
"veresda01",1994,2003
"veresra01",1989,1997
"verhojo01",1976,1981
"verlaju01",2005,2015
"veryzto01",1973,1984
"victosh01",2003,2015
"vidrojo01",1997,2008
"villaca01",2006,2015
"villaos01",2003,2008
"villoro01",1995,2009
"vinafe01",1993,2004
"violafr01",1982,1996
"virgioz02",1980,1990
"vitiejo01",1995,2003
"vizcajo01",1989,2006
"vizcalu01",1999,2009
"vizquom01",1989,2012
"vogelry01",2000,2015
"voigtja01",1992,1998
"volqued01",2005,2015
"volstch01",2008,2015
"vosbeed01",1986,2002
"vottojo01",2007,2015
"vuckope01",1975,1986
"vukovge01",1980,1985
"vukovjo01",1970,1981
"waechdo01",2003,2009
"wagnebi02",1995,2010
"wagnema01",1976,1984
"wagnepa01",1992,1999
"wainhda01",1991,2000
"wainwad01",2005,2015
"waitsri01",1973,1985
"wakefti01",1992,2011
"walbema01",1993,2003
"waldejo01",2010,2015
"walewji01",1987,1993
"walkbo01",1980,1993
"walkech01",1980,1993
"walkedu01",1982,1988
"walkegr01",1982,1990
"walkeja01",1997,2009
"walkeke01",2000,2005
"walkela01",1989,2005
"walkemi01",1988,1996
"walkene01",2009,2015
"walkepe01",1995,2006
"walketo02",1972,1977
"walketo04",1996,2007
"walkety01",2002,2010
"wallabr01",2010,2015
"wallada01",1973,1978
"wallati01",1980,1996
"walldo01",1995,2002
"wallety01",1980,1987
"wallide01",1975,1992
"walrole01",2003,2008
"waltoje01",1989,1998
"wangch01",2005,2013
"wardda01",1998,2008
"warddu01",1986,1995
"wardga01",1979,1990
"wardtu01",1990,2001
"wasdijo01",1995,2007
"washbja01",1998,2009
"washicl01",1974,1990
"washiro01",1977,1989
"washiul01",1977,1987
"wathajo01",1976,1985
"watsoal01",1993,2000
"watsoma02",2003,2010
"waynega01",1989,1994
"weathda01",1991,2009
"weaveje01",1999,2010
"weaveje02",2006,2015
"webbbr01",2003,2009
"webbha01",1972,1977
"webbry01",2009,2015
"weberbe01",2000,2005
"webstle01",1989,2000
"webstmi01",1983,1995
"weeksri01",2003,2015
"wegmabi01",1985,1995
"wehnejo01",1991,2001
"wehrmda01",1976,1985
"weisswa01",1987,2000
"welchbo01",1978,1994
"welleto01",2003,2010
"wellmbr01",1982,1989
"wellsbo01",1994,2002
"wellsda01",1987,2007
"wellski01",1999,2012
"wellsve01",1999,2013
"welshch01",1981,1986
"wendetu01",1993,2004
"wengedo01",1995,2001
"wernedo01",1975,1982
"werthja01",2002,2015
"westbja01",2000,2013
"westda01",1988,1998
"wettejo01",1989,2000
"wheelda01",1999,2012
"whisela01",1977,1982
"whitalo01",1977,1995
"whitede03",1985,2001
"whitede04",1993,1998
"whiteel03",2005,2014
"whitefr01",1973,1990
"whitega01",1994,2005
"whiteje01",1974,1986
"whitema01",1990,2000
"whitema02",1992,2005
"whiteri01",1994,2007
"whitero02",1993,2007
"whitewa02",1989,1996
"whitfte01",1974,1986
"whitsed01",1977,1991
"whitter01",1976,1991
"wickake01",1989,1996
"wickmbo01",1992,2007
"widgech01",1995,2006
"wietema01",2009,2015
"wiggial01",1981,1987
"wiggity01",2002,2013
"wilcomi01",1970,1986
"wilforo01",1977,1987
"wilkebr01",2001,2008
"wilkecu01",1983,1993
"wilkima01",1996,2001
"wilkiri01",1991,2001
"willaje01",1984,1994
"willibe02",1991,2006
"willibr01",1991,2000
"willica01",1984,1995
"willich01",1971,1978
"willida07",2001,2007
"willido03",2003,2011
"williea02",1970,1977
"willied01",1986,1998
"willifr01",1984,1989
"willige02",1992,2005
"willige03",1995,2000
"willije02",2003,2015
"willijo03",2004,2014
"willike02",1986,1991
"willima04",1987,2003
"willima05",1987,1994
"willimi02",1986,1997
"willimi03",1992,2003
"willira01",2004,2011
"willire02",1992,1999
"willire03",2006,2011
"willisc01",1999,2007
"willito02",1995,2007
"williwo02",1993,2007
"willoji01",1971,1978
"willsbu01",1977,1982
"willsfr01",1983,1991
"wilsobo02",2008,2015
"wilsobr01",2006,2014
"wilsocj01",2005,2015
"wilsocr03",2001,2007
"wilsoda01",1992,2005
"wilsoen01",1997,2005
"wilsogl01",1982,1993
"wilsoja02",2001,2012
"wilsojo03",2005,2015
"wilsokr01",2000,2006
"wilsomo01",1980,1991
"wilsopa02",1996,2005
"wilsopr01",1998,2007
"wilsost01",1988,1993
"wilsotr01",1988,1998
"wilsova01",1999,2006
"wilsowi02",1976,1994
"winfida01",1973,1995
"winkejo01",1999,2006
"winnihe01",1984,1992
"winnji01",1983,1988
"winnra01",1998,2010
"wisede01",2000,2013
"wisema01",2000,2008
"witasja01",1996,2007
"wittbo01",1986,2001
"wittke01",1998,2006
"wittmi01",1981,1993
"wockejo01",1974,1985
"wohlema01",1991,2002
"wohlfji01",1972,1986
"wolfra02",1999,2015
"wolfro01",2007,2013
"womacto01",1993,2006
"woodabr01",1994,1999
"woodast01",1997,2003
"woodja02",1998,2008
"woodke02",1998,2012
"woodsal01",1977,1986
"woodsga01",1976,1985
"woodstr01",1987,1993
"woodtr01",2010,2015
"woodwch01",1999,2011
"wootesh01",2000,2005
"worleva01",2010,2015
"worreti01",1993,2006
"worreto01",1985,1997
"worthcr01",1988,1996
"worthri01",1978,1983
"wrighda03",2004,2015
"wrighja01",1996,2014
"wrighja02",1997,2007
"wrighwe01",2008,2015
"wronari01",1988,1994
"wuertmi01",2004,2011
"wunscke01",2000,2005
"wynegbu01",1976,1988
"wynnema01",1983,1990
"yanes01",1996,2006
"yatesty01",2004,2009
"yeagest01",1972,1986
"yettri01",1985,1990
"yorkji01",1970,1976
"yostne01",1980,1985
"youklke01",2004,2013
"youngan01",1991,1996
"youngch03",2004,2015
"youngch04",2006,2015
"youngcu01",1983,1993
"youngde03",2006,2015
"youngdm01",1996,2008
"younger01",1992,2006
"younger02",1994,2004
"younger03",2009,2015
"youngge02",1987,1994
"youngjo02",1976,1989
"youngke01",1992,2003
"youngma01",1983,1993
"youngmi01",1982,1989
"youngmi02",2000,2013
"yountro01",1974,1993
"zachrpa01",1976,1985
"zagurmi01",2007,2013
"zahnge01",1973,1985
"zambrca01",2001,2012
"zambrvi01",2001,2007
"zaungr01",1995,2010
"zeileto01",1989,2004
"zieglbr01",2008,2015
"zimmejo02",2009,2015
"zimmery01",2005,2015
"ziskri01",1971,1983
"zitoba01",2000,2015
"zobribe01",2006,2015
"zoskyed01",1991,2000
"zuvelpa01",1982,1991
"ankieri01",1999,2004
"cangejo01",1988,1997
"lawva01",1986,1991
"loretma01",2001,2009
"mahayro01",1997,2010
"martida01",1990,1995
"wilsojo03",2007,2015
